"player_name","player_id","year","pa","single","double","triple","home_run","walk","isolated_power","babip","b_rbi","r_total_stolen_base","b_hit_by_pitch","r_run","woba","xwoba","avg_swing_speed","barrel_batted_rate","hard_hit_percent"
"Jung, Josh",673962,2026,288,54,16,0,8,21,"0.153",".335","30","1","4","32",".356",".352","70.8",5.1,45.2
"Langeliers, Shea",669127,2026,304,44,15,0,18,23,"0.250",".294","36","1","4","46",".375",".375","75.3",14.6,43.8
"Pozo, Yohel",650968,2026,33,7,1,0,0,0,"0.031",".267","5","0","0","0",".228",".244","70.2",0,26.7
"Chapman, Matt",656305,2026,299,43,17,1,7,32,"0.153",".314","40","0","4","35",".338",".299","75.9",7,37.3
"Mauricio, Ronny",677595,2026,32,6,0,0,1,0,"0.094",".316","2","0","0","3",".232",".224","75.3",10,35
"Bohm, Alec",664761,2026,275,38,9,0,9,18,"0.144",".227","38","1","2","22",".284",".295","70.7",4.7,41.2
"Thomas, Lane",657041,2026,174,24,4,0,4,28,"0.113",".272","17","3","2","16",".321",".321","72.1",4.7,35.5
"Mountcastle, Ryan",663624,2026,15,3,1,0,0,1,"0.071",".333","1","0","0","0",".310",".301","74.4",0,41.7
"Wisdom, Patrick",621550,2026,44,3,1,0,1,3,"0.098",".182","4","0","0","3",".172",".265","76.3",21.7,47.8
"Fermín, José",665877,2026,107,19,5,0,2,8,"0.113",".304","12","2","0","9",".312",".262","67.9",1.2,30.9
"Dunn, Oliver",686554,2026,12,1,0,0,0,1,"0.000",".125","1","0","0","4",".133",".207","74.1",0,25
"Madrigal, Nick",663611,2026,48,11,1,0,0,6,"0.024",".316","2","1","1","7",".334",".292","65.5",0,26.3
"Correa, Carlos",621043,2026,141,23,8,0,3,18,"0.139",".330","16","1","0","22",".348",".364","73.4",10.3,41.2
"Torkelson, Spencer",679529,2026,279,24,14,0,12,32,"0.208",".277","29","0","4","27",".320",".316","72.9",14.2,45
"Torres, Bryan",663494,2026,48,7,0,1,2,5,"0.191",".242","5","1","0","6",".329",".333","66.4",5.7,25
"Koss, Christian",683766,2026,15,0,1,0,0,0,"0.072",".083","0","0","1","1",".133",".158","70.4",0,16.7
"Jeffers, Ryan",680777,2026,148,21,7,1,7,23,"0.246",".309","26","1","1","26",".409",".389","73.4",15.8,43.6
"Nishida, Rikuu",807747,2026,30,7,0,0,0,0,"0.000",".292","2","0","0","3",".216",".247","61.7",0,12
"Johnson, Bryce",669369,2026,49,6,2,0,0,3,"0.044",".296","2","5","0","5",".208",".173","67.5",0,7.1
"Arias, Gabriel",672356,2026,36,5,1,0,2,2,"0.206",".333","5","0","0","2",".313",".305","76",15,55
"Rincones Jr., Gabriel",687282,2026,10,0,0,0,1,0,"0.300",".000","2","0","0","1",".206",".147","76.5",14.3,42.9
"Sosa, Lenyn",672820,2026,117,14,7,0,1,1,"0.088",".239","9","0","1","11",".214",".249","72.4",5.6,36.7
"García Jr., Luis",671277,2026,236,36,12,3,9,8,"0.199",".279","45","2","0","29",".323",".326","73.4",7.9,46.9
"Hoerner, Nico",663538,2026,326,48,15,0,4,31,"0.095",".239","34","12","4","26",".291",".330","68.3",1.1,28
"Martínez, Angel",682657,2026,243,31,11,1,11,7,"0.203",".264","33","9","5","28",".312",".306","71",7.9,36.7
"Díaz, Yandy",650490,2026,295,57,11,1,12,27,"0.189",".327","46","1","7","34",".387",".364","73.8",8.1,45.2
"Yoshida, Masataka",807799,2026,158,25,7,1,1,15,"0.086",".275","10","1","3","15",".301",".307","70.8",1.7,39.7
"Harris, Dustin",687957,2026,52,8,1,1,0,6,"0.069",".270","5","4","1","6",".293",".334","66.7",0,15.8
"Naylor, Josh",647304,2026,296,52,8,0,8,23,"0.119",".268","32","13","2","27",".305",".323","70.2",5.2,37.9
"Meadows, Parker",678009,2026,39,7,1,1,0,2,"0.083",".346","2","3","1","3",".289",".250","70.1",3.8,19.2
"Suárez, Eugenio",553993,2026,182,22,7,0,7,15,"0.169",".290","25","0","0","16",".294",".272","71.5",8.7,29
"Campusano, Luis",669134,2026,58,5,7,0,3,5,"0.308",".353","10","0","1","9",".410",".340","72.7",10.8,48.6
"Vierling, Matt",663837,2026,197,21,10,1,4,16,"0.136",".219","23","2","0","16",".266",".307","70.7",6,34.7
"Halpin, Petey",690984,2026,32,4,1,0,0,1,"0.033",".227","1","2","0","3",".173",".260","69.8",9.1,31.8
"Cook, Billy",695257,2026,21,4,0,0,0,0,"0.000",".308","0","3","0","5",".170",".139","72.9",0,15.4
"Wallner, Matt",670242,2026,135,13,3,0,4,10,"0.125",".254","10","0","5","14",".254",".281","75.3",10.4,40.3
"Bart, Joey",663698,2026,62,12,1,0,2,2,"0.120",".361","6","0","1","9",".294",".256","75.4",7.9,36.8
"Taylor, Samad",669392,2026,35,9,1,0,1,3,"0.129",".476","8","3","0","6",".396",".329","68.8",4.3,21.7
"Okamoto, Kazuma",672960,2026,291,36,9,0,15,29,"0.211",".300","42","0","3","35",".333",".327","73.3",14.5,49.7
"Sheets, Gavin",657757,2026,236,23,13,0,11,25,"0.220",".250","30","3","2","27",".333",".326","74.5",8.4,45.2
"Schneemann, Daniel",682177,2026,199,27,9,0,5,19,"0.133",".303","22","4","0","21",".297",".305","71.3",6.5,38.2
"Sullivan, Brett",664954,2026,110,12,6,0,4,5,"0.178",".234","13","0","1","8",".283",".272","67.3",3.7,29.3
"Butler, Lawrence",671732,2026,199,25,6,0,4,20,"0.100",".250","19","4","0","22",".260",".306","73.5",6.4,44.9
"Duran, Ezequiel",677649,2026,234,38,15,2,4,17,"0.146",".364","36","5","1","29",".331",".304","72.7",5.8,37.2
"Alcántara, Kevin",682634,2026,10,1,0,0,0,1,"0.000",".200","0","0","0","1",".159",".188","75.5",0,0
"Freeman, Cody",683227,2026,15,4,0,0,0,1,"0.000",".444","0","0","0","1",".285",".166","66.1",0,11.1
"Chourio, Jackson",694192,2026,169,29,11,0,9,13,"0.245",".377","26","5","0","27",".399",".359","74.9",15.8,48.2
"Cronenworth, Jake",630105,2026,114,11,2,0,1,14,"0.052",".178","4","1","3","13",".232",".304","72.2",5.5,32.4
"Baty, Brett",683146,2026,245,36,9,1,3,22,"0.092",".313","26","3","3","24",".283",".296","74.7",7.3,38.7
"Escarra, J.C.",641555,2026,84,9,5,1,0,6,"0.091",".250","7","0","0","8",".240",".261","69.8",3.4,33.3
"Guerrero Jr., Vladimir",665489,2026,292,54,12,0,3,34,"0.084",".300","27","5","4","39",".324",".351","76.2",6.3,44.4
"Happ, Ian",664023,2026,309,27,13,2,16,41,"0.246",".278","37","4","3","47",".345",".331","72.1",14.4,45.5
"Marsee, Jakob",805300,2026,297,35,9,3,3,40,"0.096",".267","17","17","7","37",".293",".306","70.4",3.4,36.1
"Bader, Harrison",664056,2026,111,8,5,0,5,4,"0.188",".191","14","0","0","10",".239",".272","72.9",8.2,41.1
"Jones, Greg",675659,2026,22,2,0,0,0,0,"0.000",".167","1","1","0","0",".085",".175","71.7",0,30.8
"Moreno, Gabriel",672515,2026,188,26,11,0,6,19,"0.178",".294","24","4","3","24",".346",".362","71.3",9.9,43.9
"Melendez, MJ",669004,2026,127,11,5,1,4,14,"0.179",".283","11","0","5","14",".313",".276","74.2",10.8,55.4
"Frazier, Adam",624428,2026,93,10,5,1,1,9,"0.123",".308","6","0","1","15",".285",".237","65.3",1.8,16.4
"Ramos, Heliot",671218,2026,176,27,12,1,4,10,"0.157",".348","20","0","0","19",".317",".326","72",13.8,48.7
"Emerson, Colt",806068,2026,87,7,5,1,6,6,"0.316",".265","14","0","2","13",".370",".240","72.8",5.5,29.1
"Simpson, Chandler",802415,2026,270,58,4,4,0,14,"0.048",".296","14","14","0","32",".274",".252","64.8",0,14.3
"Marte, Ketel",606466,2026,304,44,14,2,11,22,"0.183",".265","41","0","0","39",".323",".368","74.5",10.3,45.1
"Taveras, Leody",665750,2026,220,34,9,3,2,23,"0.112",".333","28","8","1","26",".317",".300","72.7",4.1,29.3
"Olson, Matt",621566,2026,312,36,19,0,20,30,"0.284",".291","51","2","1","51",".380",".370","74.9",14.4,52.6
"Marte, Starling",516782,2026,86,16,3,0,1,5,"0.077",".352","5","0","2","6",".292",".303","72.8",12.7,38.2
"Shaw, Matt",807713,2026,116,17,6,1,3,7,"0.162",".286","14","3","2","12",".321",".304","68.5",5.7,36.4
"Walker, Christian",572233,2026,307,36,13,1,18,25,"0.250",".258","52","0","4","42",".349",".314","74.2",11.3,45.3
"Volpe, Anthony",683011,2026,87,13,4,0,1,11,"0.092",".304","11","5","0","13",".304",".289","70.8",3.6,31.6
"Benson, Will",666181,2026,114,11,3,1,3,16,"0.145",".273","6","1","1","11",".292",".300","73.6",12.7,37.9
"Stephenson, Tyler",663886,2026,204,26,7,0,5,24,"0.124",".275","19","0","0","14",".290",".321","71.1",10.7,44
"Jordan, Blaze",691458,2026,19,3,1,1,1,0,"0.316",".313","5","0","0","3",".401",".277","74.1",5.9,64.7
"Kelly, Carson",608348,2026,189,37,6,0,3,17,"0.089",".321","19","0","3","21",".323",".319","71.1",6.6,38.7
"Jones, Spencer",682987,2026,53,8,1,0,2,7,"0.152",".391","7","1","0","4",".329",".287","77.9",4.2,75
"Clarke, Denzel",672016,2026,60,8,1,0,0,4,"0.019",".310","6","2","0","4",".197",".193","77.2",3.2,46.9
"Canzone, Dominic",686527,2026,185,24,12,1,10,16,"0.268",".306","29","1","3","25",".391",".389","74.7",16,48.9
"Steer, Spencer",668715,2026,275,37,12,0,11,29,"0.187",".282","28","3","3","42",".340",".365","70.8",13.6,38.9
"Mayer, Marcelo",691785,2026,204,30,7,0,3,15,"0.088",".255","18","3","3","18",".269",".261","74.9",6.1,36.5
"DeLuca, Jonny",676356,2026,125,19,11,0,2,5,"0.143",".330","19","6","0","17",".311",".277","73.8",3.2,29.8
"Straw, Myles",664702,2026,128,21,4,0,2,12,"0.088",".272","9","2","0","23",".289",".313","69.2",4.2,27.1
"Hinds, Rece",677956,2026,36,1,3,0,0,1,"0.091",".250","5","0","1","2",".170",".161","73.1",0,25
"Teodosio, Bryce",669326,2026,51,8,2,0,0,3,"0.042",".345","2","4","0","5",".236",".203","70.1",6.7,23.3
"Farmer, Kyle",571657,2026,15,3,1,0,0,0,"0.071",".364","3","0","0","2",".263",".247","66.5",0,27.3
"Jones, Jahmai",663330,2026,94,7,2,0,2,9,"0.095",".167","7","0","0","6",".204",".307","72.7",8.9,44.6
"Jackson, Alex",656577,2026,39,8,3,0,0,0,"0.079",".440","2","0","1","5",".300",".194","72.8",0,44
"Ibáñez, Andy",628451,2026,26,2,0,0,0,1,"0.000",".091","5","0","0","1",".096",".164","70.7",0,18.2
"Caratini, Victor",605170,2026,196,26,5,0,4,18,"0.104",".242","25","0","8","11",".287",".339","70.7",6.8,39.4
"Susac, Daniel",691740,2026,98,20,5,1,0,6,"0.080",".388","13","1","2","5",".328",".307","68.7",4.3,27.5
"Williams, Carson",700246,2026,33,2,1,0,0,2,"0.033",".158","3","0","0","6",".139",".198","74.8",0,25
"Aranda, Jonathan",666018,2026,301,47,10,0,11,41,"0.172",".331","48","0","4","35",".359",".371","70.2",12.1,45.6
"Matos, Luis",682641,2026,21,4,0,0,0,1,"0.000",".308","0","0","0","1",".204",".130","71.1",0,23.1
"Marsh, Brandon",669016,2026,262,55,13,2,9,13,"0.180",".400","34","7","2","39",".373",".337","71.6",7.7,47.3
"Murphy, Sean",669221,2026,14,1,0,0,0,0,"0.000",".125","0","0","0","1",".064",".133","67.4",0,25
"Lee, Brooks",686797,2026,278,39,10,1,11,19,"0.177",".250","39","3","2","31",".312",".277","70.1",4.7,31.1
"Thomas, Colby",687515,2026,64,10,2,0,2,4,"0.136",".308","6","0","0","7",".292",".292","75.7",9.5,38.1
"Mateo, Jorge",622761,2026,100,18,5,0,4,6,"0.181",".377","11","7","0","24",".349",".346","73.7",10.8,49.2
"Rengifo, Luis",650859,2026,209,29,9,0,0,19,"0.049",".233","19","3","1","19",".246",".296","71",4.9,35.2
"Reyes, Felix",694025,2026,38,4,1,0,1,0,"0.105",".179","2","0","0","2",".182",".233","75.5",6.9,27.6
"Frelick, Sal",686217,2026,243,37,8,0,3,23,"0.081",".242","25","5","1","26",".277",".281","68.2",2.1,27.7
"Lowe, Brandon",664040,2026,299,28,16,1,18,31,"0.272",".265","47","0","2","44",".358",".347","73.4",12.2,44.1
"Soto, Juan",665742,2026,240,37,6,1,15,34,"0.260",".280","34","6","0","32",".398",".418","72.3",15.9,49.4
"León, Sandy",506702,2026,42,4,0,0,0,0,"0.000",".167","0","0","0","0",".085",".136","67.4",0,20.8
"Betts, Mookie",605141,2026,168,19,5,0,7,12,"0.169",".189","18","1","1","23",".279",".330","69.5",9,37.3
"Johnston, Troy",687859,2026,261,49,21,0,3,20,"0.128",".374","34","4","4","30",".360",".331","69.9",2.6,37.2
"Tucker, Kyle",663656,2026,300,38,16,2,6,37,"0.148",".289","39","6","2","43",".324",".325","71.2",5.5,38.5
"Vivas, Jorbit",678391,2026,154,24,7,0,1,13,"0.076",".277","10","0","4","17",".294",".294","69.5",3.5,25.2
"Thompson, Sterlin",694514,2026,65,9,3,0,0,5,"0.052",".293","7","0","2","5",".259",".272","75.7",0,41.5
"Rodríguez, Johnathan",671286,2026,11,0,0,0,0,3,"0.000",".000","1","0","0","0",".191",".330","74.8",0,50
"Stowers, Kyle",669065,2026,210,22,11,1,5,19,"0.151",".291","22","1","4","21",".293",".304","74.8",8.1,50.4
"Holliday, Jackson",702616,2026,85,9,1,1,3,9,"0.162",".234","11","3","0","11",".275",".317","70.5",14,44
"Bichette, Bo",666182,2026,319,53,11,1,8,19,"0.126",".277","41","1","1","36",".293",".330","70",7.4,46.1
"Alvarez, Yordan",670541,2026,323,50,14,0,24,46,"0.318",".330","54","1","5","49",".450",".486","75.9",18.1,53.7
"Walton, Donovan",622268,2026,66,13,5,0,2,3,"0.177",".367","7","0","0","10",".372",".315","67.3",7.7,36.5
"Ozuna, Marcell",542303,2026,208,26,5,0,5,19,"0.106",".254","23","0","2","15",".261",".305","73.4",8.1,38.6
"Haase, Eric",606992,2026,55,4,3,0,4,3,"0.294",".212","9","0","0","7",".328",".316","71.7",18.4,34.2
"Story, Trevor",596115,2026,176,24,7,0,3,8,"0.097",".290","19","4","1","16",".243",".248","71.1",3.6,41.8
"Montgomery, Colson",695657,2026,284,25,13,0,17,26,"0.257",".262","40","1","9","33",".344",".322","76.2",13.7,46.6
"Montgomery, Braden",695731,2026,24,2,2,0,1,1,"0.218",".250","4","0","0","4",".295",".330","71.4",11.8,47.1
"Joe, Connor",656582,2026,39,3,2,0,1,6,"0.151",".238","3","2","0","2",".294",".369","73.2",9.1,45.5
"Carrigg, Cole",694249,2026,34,3,0,1,3,4,"0.367",".222","8","1","0","6",".390",".326","74.5",14.3,42.9
"Soderstrom, Tyler",691016,2026,296,29,19,2,12,38,"0.231",".262","39","1","1","35",".351",".333","74.3",10.9,44.3
"Sogard, Nick",686765,2026,41,6,2,1,0,5,"0.114",".310","2","0","0","3",".325",".301","68.6",0,16.7
"Gorman, Nolan",669357,2026,229,28,4,0,7,25,"0.124",".260","26","0","0","19",".267",".279","73.1",9.2,43.8
"Fernandez, Jose",699912,2026,177,32,7,0,3,7,"0.097",".320","15","7","1","23",".285",".276","74.4",3.9,38.8
"Torres, Gleyber",650402,2026,190,34,6,0,4,29,"0.115",".328","18","0","2","26",".356",".343","67.8",7.9,31.7
"Perkins, Blake",663368,2026,86,5,4,0,1,9,"0.094",".167","11","3","1","11",".219",".268","70.3",5.4,35.7
"Barrosa, Jorge",678489,2026,111,6,9,1,1,8,"0.141",".250","7","0","1","11",".248",".207","69.3",5.9,20.6
"Lile, Daylen",695734,2026,319,48,16,3,8,24,"0.160",".291","37","7","3","42",".323",".328","70.7",7.6,36.3
"Arroyo, Edwin",695490,2026,39,7,1,0,0,2,"0.028",".308","2","0","1","3",".248",".260","69.5",0,26.9
"Smith, Pavin",656976,2026,41,4,0,0,1,7,"0.090",".174","4","0","0","3",".257",".269","71.1",8.3,37.5
"Ewing, A.J.",805999,2026,129,21,4,1,2,14,"0.107",".361","9","7","0","14",".310",".328","70.3",5.3,38.2
"Bericoto, Victor",682674,2026,17,2,0,0,1,0,"0.177",".200","1","0","0","1",".226",".170","75.5",9.1,54.5
"Brito, Juan",682877,2026,56,5,4,0,0,4,"0.079",".265","3","0","1","7",".233",".256","68.6",2.9,32.4
"Busch, Michael",683737,2026,322,42,13,2,8,50,"0.157",".311","42","2","7","31",".353",".356","68.2",12,43.5
"Perez, Salvador",521692,2026,286,38,6,0,9,12,"0.125",".216","26","0","5","25",".251",".285","71.4",8,40.4
"Moncada, Yoán",660162,2026,130,16,1,1,3,17,"0.108",".286","10","1","2","9",".283",".270","72.4",7.7,40.9
"Wong, Connor",657136,2026,89,13,8,0,0,8,"0.106",".368","10","2","3","10",".340",".312","72.3",3.4,37.3
"Kayfus, CJ",692216,2026,25,2,1,0,1,2,"0.182",".231","2","0","1","4",".290",".305","70.4",21.4,50
"Garcia, Maikel",672580,2026,285,48,16,2,3,24,"0.112",".308","30","5","0","32",".314",".322","72",5.1,41.5
"Arcia, Orlando",606115,2026,50,11,1,0,1,2,"0.083",".308","2","0","0","6",".291",".245","70.6",2.5,25
"Kwan, Steven",680757,2026,275,40,8,0,1,35,"0.048",".234","13","3","2","30",".271",".298","62.8",0.5,8.7
"Bell, Josh",605137,2026,285,41,14,0,8,19,"0.145",".291","45","1","2","35",".300",".312","71.9",10.2,42.1
"Raleigh, Cal",663728,2026,185,16,4,0,7,19,"0.152",".196","20","2","0","16",".255",".293","74.6",11.9,30.3
"Beavers, Dylan",687637,2026,119,16,7,0,2,14,"0.126",".311","12","3","0","16",".314",".308","71.5",5.2,39
"Mangum, Jake",663968,2026,163,38,5,0,1,10,"0.055",".358","12","13","2","19",".315",".286","66.2",0.8,25
"Hedges, Austin",595978,2026,110,19,6,0,1,10,"0.094",".321","9","1","0","12",".315",".286","69.1",2.4,30.5
"Adames, Willy",642715,2026,299,34,18,1,11,17,"0.189",".282","29","1","1","34",".301",".292","72.3",9,43.2
"Vientos, Mark",668901,2026,212,27,9,0,8,7,"0.163",".245","29","0","2","20",".275",".318","73.2",10.3,45.2
"Goodman, Hunter",696100,2026,288,33,12,0,20,24,"0.278",".313","37","5","4","45",".364",".327","75.2",16,46.3
"Vargas, Miguel",678246,2026,306,34,11,1,16,45,"0.241",".243","44","10","5","51",".373",".397","74.1",13.7,45.1
"Troy, Tommy",694371,2026,68,9,2,0,2,8,"0.133",".244","2","0","0","11",".299",".310","71.7",8.5,25.5
"Langford, Wyatt",694671,2026,130,19,5,2,3,7,"0.146",".286","8","4","0","16",".289",".282","72.6",6.4,35.1
"Lockridge, Brandon",663604,2026,96,21,4,0,0,10,"0.047",".417","12","5","0","9",".325",".277","72.9",1.7,32.8
"Guzman, Denzer",694203,2026,30,7,1,0,0,0,"0.033",".308","5","1","0","3",".251",".270","74.8",0,46.2
"Soler, Jorge",624585,2026,243,27,10,1,9,22,"0.182",".288","33","0","4","28",".310",".306","74.7",11.3,41.1
"Goldschmidt, Paul",502671,2026,180,29,8,1,10,15,"0.249",".322","33","1","3","25",".394",".366","71.4",11.7,40.6
"Huff, Sam",669087,2026,18,2,2,0,0,0,"0.111",".400","1","0","0","1",".240",".169","73.9",20,60
"Ruiz, Esteury",665923,2026,73,5,5,1,4,7,"0.302",".297","9","12","2","15",".370",".286","72.1",9.8,36.6
"Pereda, Jhonny",640902,2026,68,15,0,0,2,4,"0.095",".300","4","0","1","8",".310",".341","70.6",3.8,46.2
"Acuña Jr., Ronald",660670,2026,236,31,10,1,7,35,"0.170",".304","22","15","4","31",".352",".379","76",13.1,43.4
"House, Brady",691781,2026,177,23,7,0,7,13,"0.172",".280","25","1","0","22",".299",".320","73.5",10.6,43
"Pasquantino, Vinnie",686469,2026,291,39,10,2,6,32,"0.126",".254","32","3","1","28",".294",".316","70.2",7.3,37.7
"Vázquez, Christian",543877,2026,161,22,6,0,4,12,"0.122",".241","19","0","0","15",".273",".233","65.5",1.6,23
"Caballero, José",676609,2026,216,35,10,0,7,12,"0.156",".300","23","15","4","27",".323",".285","68.6",3.2,26.3
"Schuemann, Max",680474,2026,36,2,4,0,0,9,"0.148",".316","3","2","0","9",".366",".314","70.6",5.3,47.4
"Heim, Jonah",641680,2026,101,9,8,0,5,8,"0.250",".243","14","0","0","13",".337",".309","69.9",6.7,29.3
"McMahon, Ryan",641857,2026,192,26,4,0,7,15,"0.142",".273","22","3","0","18",".279",".296","74.7",10.3,48.7
"Turang, Brice",668930,2026,300,39,14,2,11,48,"0.206",".331","43","12","0","54",".373",".363","70.2",9,45.3
"Bruján, Vidal",660644,2026,13,1,0,0,0,1,"0.000",".100","1","0","0","4",".133",".214","68.9",0,9.1
"Nootbaar, Lars",663457,2026,45,6,2,0,2,7,"0.216",".320","6","0","0","7",".369",".397","74.8",14.8,59.3
"Carter, Evan",694497,2026,229,20,6,2,6,29,"0.145",".209","21","10","3","26",".281",".294","71.3",7,37.8
"Espinal, Santiago",669289,2026,60,11,3,0,1,1,"0.107",".292","7","0","0","5",".283",".290","68.3",2,31.4
"Song, Sung-Mun",823550,2026,51,7,1,0,0,6,"0.022",".242","4","4","0","5",".230",".273","71.1",6.1,24.2
"Abrams, CJ",682928,2026,308,47,13,2,14,29,"0.221",".321","53","11","9","46",".379",".350","72.9",10.2,41.5
"Fraley, Jake",641584,2026,90,10,7,0,2,8,"0.158",".309","5","3","0","6",".306",".277","71.6",8.9,21.4
"Carpenter, Kerry",681481,2026,160,18,3,2,9,14,"0.245",".284","26","0","4","15",".340",".305","71.9",11.4,46.7
"Jiménez, Leo",677870,2026,83,12,2,0,0,6,"0.027",".250","1","1","3","7",".237",".312","72",5.5,41.1
"Sánchez, Ali",645305,2026,11,1,1,0,0,1,"0.100",".400","1","0","0","1",".260",".248","69",0,20
"Azócar, José",640492,2026,16,3,2,0,0,1,"0.134",".417","0","1","0","1",".370",".300","69.5",0,25
"Hamilton, David",666152,2026,201,31,4,1,3,20,"0.087",".286","11","14","1","29",".287",".268","69.8",3.7,27.4
"Dingler, Dillon",693307,2026,275,30,14,2,16,22,"0.272",".269","51","0","6","36",".368",".392","71.9",12.9,50.8
"Urías, Ramón",602104,2026,68,4,3,0,2,6,"0.158",".159","5","0","4","9",".274",".306","70.2",10.9,37
"Rafaela, Ceddanne",678882,2026,263,46,15,2,7,14,"0.165",".346","32","7","6","29",".350",".299","69.7",6.5,37
"Lopez, Otto",672640,2026,310,71,19,3,5,12,"0.138",".383","31","13","4","44",".368",".337","72.1",6.9,45.2
"Stewart, Sal",701398,2026,314,41,13,0,14,41,"0.204",".278","47","11","1","39",".351",".365","72.4",14.9,40.9
"Stubbs, Garrett",596117,2026,24,4,0,0,0,1,"0.000",".235","1","0","2","3",".239",".268","68",0,41.2
"Barger, Addison",680718,2026,28,0,1,0,0,5,"0.046",".063","2","0","0","2",".170",".256","74.3",0,50
"Beck, Jordan",687597,2026,88,8,5,1,1,5,"0.122",".233","10","2","0","7",".235",".260","73.5",3.3,26.2
"Wagner, Will",695238,2026,20,3,1,0,0,5,"0.066",".364","0","0","0","2",".373",".367","69.4",0,18.2
"Sánchez, Jesús",660821,2026,212,36,13,0,7,9,"0.175",".333","29","1","4","22",".339",".346","73.7",11.8,47.4
"Springer, George",543807,2026,226,25,10,0,7,25,"0.159",".236","19","4","2","22",".307",".313","72.5",8.4,37.4
"Stevens, Chad",677060,2026,34,1,0,0,0,5,"0.000",".063","3","0","0","1",".129",".210","71.9",6.3,25
"Griffin, Konnor",804606,2026,208,36,9,2,4,14,"0.132",".359","22","14","3","30",".322",".303","75.5",8.2,35.6
"Karros, Kyle",691720,2026,238,34,12,1,3,30,"0.112",".305","19","2","1","32",".316",".335","70.2",7.1,42
"India, Jonathan",663697,2026,58,5,1,0,2,8,"0.146",".182","8","0","2","8",".292",".285","71",5.7,31.4
"Pederson, Joc",592626,2026,218,27,7,2,9,28,"0.208",".269","25","0","3","27",".351",".353","72",9.8,47.6
"Báez, Javier",595879,2026,82,13,5,0,2,2,"0.141",".295","6","1","1","10",".295",".294","72.5",3.2,28.6
"Kiner-Falefa, Isiah",643396,2026,125,26,4,0,1,10,"0.061",".316","12","5","0","18",".301",".313","68.7",3.1,25.8
"Durbin, Caleb",702332,2026,226,22,13,1,3,13,"0.117",".209","26","5","4","21",".250",".280","68.6",2.8,29.9
"Kemp, Otto",805249,2026,27,2,0,0,0,1,"0.000",".133","0","0","1","0",".119",".206","71.4",0,13.3
"Slater, Austin",596103,2026,73,12,3,0,0,7,"0.046",".333","3","3","0","6",".266",".229","71.1",2.3,18.2
"Workman, Gage",669398,2026,38,1,3,0,2,0,"0.237",".200","5","0","0","3",".232",".311","70.8",22.7,45.5
"Conine, Griffin",665052,2026,25,3,1,0,2,2,"0.318",".286","4","2","1","6",".408",".512","74.6",25,62.5
"Groover, LuJames",694410,2026,30,5,0,0,0,2,"0.000",".238","2","0","1","1",".220",".289","70.5",5,52.4
"Outman, James",681546,2026,80,5,4,1,1,6,"0.123",".270","4","4","1","10",".227",".212","71.9",2.6,31.6
"Rojas, Miguel",500743,2026,121,21,5,0,2,9,"0.104",".280","12","0","2","11",".311",".324","69.1",6.2,36.1
"Monasterio, Andruw",655316,2026,111,13,10,0,2,7,"0.154",".307","11","1","0","11",".300",".284","69.2",6.5,37.7
"Manzardo, Kyle",700932,2026,218,30,7,1,7,23,"0.157",".333","22","0","3","23",".321",".314","70",11.6,42.1
"Arraez, Luis",650333,2026,306,66,14,6,2,15,"0.116",".321","26","5","3","36",".339",".300","63.1",0.4,22.5
"Perdomo, Geraldo",672695,2026,292,42,10,3,4,41,"0.116",".268","25","11","2","31",".325",".335","66.8",2.8,31.6
"McCann, James",543510,2026,62,9,3,0,0,1,"0.051",".286","6","0","0","3",".209",".208","72.7",6.8,45.5
"Ruiz, Keibert",660688,2026,153,21,14,0,6,4,"0.219",".285","29","1","1","21",".342",".265","67.5",6.2,39.5
"Clemens, Kody",665019,2026,238,26,15,2,11,16,"0.242",".281","28","6","5","31",".350",".337","71.8",13.3,44
"Valdez, Esmerlyn",699013,2026,25,0,0,0,2,2,"0.261",".000","5","0","0","2",".221",".255","73.5",25,50
"Mullins, Cedric",656775,2026,241,30,4,1,6,22,"0.116",".222","21","12","5","24",".276",".268","70.5",3.6,31.3
"Quero, Edgar",700337,2026,155,21,1,0,2,12,"0.053",".227","15","1","3","12",".227",".252","68.5",2,32.7
"Lukes, Nathan",664770,2026,135,30,7,0,1,6,"0.081",".366","13","0","4","14",".335",".299","67.2",1,29.1
"Friedl, TJ",670770,2026,178,20,6,0,2,13,"0.077",".230","8","5","4","15",".239",".250","70.9",2.7,28.6
"Smith, Cam",701358,2026,280,35,11,1,7,26,"0.137",".283","26","8","4","29",".295",".333","77.1",12.8,45.1
"Schneider, Davis",676914,2026,99,6,4,0,3,18,"0.162",".227","11","1","0","15",".298",".302","71.1",12.8,43.8
"Trammell, Taylor",666211,2026,83,15,5,1,0,6,"0.093",".467","7","1","1","9",".321",".250","73.5",4.3,32.6
"Higgins, P.J.",664731,2026,32,5,1,0,0,2,"0.038",".316","4","0","0","1",".246",".287","66.8",0,13.6
"Encarnacion, Jerar",666464,2026,35,5,1,0,0,1,"0.030",".231","0","0","0","1",".184",".210","74.7",7.7,34.6
"Sanoja, Javier",691594,2026,173,27,11,0,2,11,"0.106",".273","24","3","0","12",".290",".260","69.5",1.4,30.3
"Rice, Ben",700250,2026,285,34,15,2,20,38,"0.325",".321","49","2","2","53",".425",".387","72.3",15.1,48
"Bauers, Jake",641343,2026,246,33,12,0,13,31,"0.240",".319","46","5","3","40",".384",".362","77",13.8,55.2
"Misner, Kameron",670224,2026,17,6,0,0,0,1,"0.000",".600","3","1","0","0",".357",".273","73.4",0,30
"Wetherholt, JJ",802139,2026,304,50,7,0,10,33,"0.143",".284","31","8","10","45",".342",".355","72.6",7.7,46
"Freeman, Tyler",671289,2026,176,32,5,1,3,9,"0.105",".297","20","5","10","20",".328",".322","70.4",1.5,34.8
"Albies, Ozzie",645277,2026,305,53,13,0,10,22,"0.159",".284","37","1","4","45",".337",".311","68.9",4.6,28.9
"Pereira, Everson",677592,2026,74,9,4,0,3,4,"0.194",".302","7","1","2","7",".318",".303","74.7",10.9,43.5
"Moniak, Mickey",666160,2026,164,19,9,2,12,10,"0.327",".303","28","1","3","21",".399",".324","74.1",13.5,41.4
"Rushing, Dalton",687221,2026,139,18,6,0,8,13,"0.246",".308","21","0","4","21",".376",".357","72.4",10.5,40.7
"Yorke, Nick",694377,2026,86,11,3,0,1,7,"0.079",".237","6","0","2","6",".257",".306","72.4",5,48.3
"Velázquez, Nelson",676369,2026,28,6,1,0,2,1,"0.269",".412","6","0","1","5",".435",".440","74.3",15.8,68.4
"Buxton, Byron",621439,2026,283,34,13,1,23,21,"0.326",".296","36","7","3","51",".397",".350","74.1",18.9,49.7
"Cowser, Colton",681297,2026,174,23,3,0,7,19,"0.158",".274","23","2","1","23",".305",".319","75",12.6,32
"Bowen, Jase",687749,2026,26,3,0,0,0,1,"0.000",".214","0","2","0","2",".130",".197","73.4",7.1,14.3
"Adell, Jo",666176,2026,310,52,12,0,10,9,"0.145",".305","41","3","10","35",".309",".336","77.3",8.7,45.7
"Burleson, Alec",676475,2026,307,48,18,0,13,26,"0.206",".301","52","2","2","39",".363",".391","72.7",11.7,47.8
"Johnson, Daniel",669288,2026,17,2,0,0,0,2,"0.000",".182","0","0","1","1",".231",".342","73.5",0,45.5
"Clement, Ernie",676391,2026,292,56,20,1,7,9,"0.153",".313","28","2","0","34",".335",".271","67.6",2.8,25.3
"Harper, Bryce",547180,2026,303,35,12,1,15,46,"0.234",".258","40","5","0","47",".365",".405","74.3",12.9,44.8
"Grisham, Trent",663757,2026,264,31,11,2,8,38,"0.174",".250","35","6","0","40",".333",".360","69.8",12,45.7
"Contreras, William",661388,2026,291,58,12,0,6,24,"0.115",".315","43","1","1","39",".331",".333","73.2",7,41.7
"Lowe, Josh",666139,2026,134,16,2,0,5,6,"0.136",".220","14","1","1","8",".241",".263","74",8,34.1
"Varsho, Daulton",662139,2026,236,34,13,2,5,22,"0.152",".302","17","5","2","27",".324",".304","72.9",6,38.3
"Giménez, Andrés",665926,2026,247,34,10,1,7,8,"0.144",".257","31","7","7","18",".284",".263","68",3.8,24
"Salazar, César",663967,2026,22,1,0,0,0,3,"0.000",".067","1","0","1","0",".170",".329","66.9",0,33.3
"Rivero, Sebastián",665861,2026,57,11,2,0,0,3,"0.038",".317","8","0","0","5",".258",".267","69.9",0,14.3
"Romo, Drew",691011,2026,99,4,4,0,5,10,"0.221",".140","11","1","1","9",".272",".276","69.8",9.5,28.6
"Ramírez, Pedro",699393,2026,38,6,2,0,1,3,"0.143",".258","3","0","0","3",".317",".340","73.6",6.3,43.8
"Prieto, César",693409,2026,17,0,0,0,0,0,"0.000",".000","0","0","0","0",".000",".251","69.7",7.1,46.7
"Osuna, Alejandro",696030,2026,121,23,2,0,0,12,"0.020",".294","9","4","6","12",".299",".317","72.2",0,32.6
"Call, Alex",669743,2026,103,17,5,0,0,13,"0.058",".306","13","0","3","14",".319",".287","67.8",1.4,20.8
"Nuñez, Nasim",683083,2026,237,38,3,3,0,26,"0.044",".289","23","26","1","30",".266",".274","68.1",0,20.3
"Seager, Corey",608369,2026,204,18,6,0,9,23,"0.187",".207","24","1","2","25",".289",".336","72",15.2,44.8
"Gurriel Jr., Lourdes",666971,2026,110,17,4,0,1,8,"0.070",".259","12","1","0","7",".254",".288","71",6.1,32.9
"Stanton, Giancarlo",519317,2026,96,14,6,0,3,6,"0.166",".345","14","1","0","8",".318",".326","79.3",18,44.3
"Hernández, Heriberto",681715,2026,154,24,1,1,6,13,"0.151",".274","26","5","1","14",".302",".350","74.8",8.9,48.5
"Myers, Dane",667472,2026,119,19,4,0,3,15,"0.129",".338","12","5","2","17",".338",".369","71.9",9,33.8
"Morel, Christopher",666624,2026,73,8,3,0,0,4,"0.044",".275","1","1","1","3",".198",".220","75.9",2.5,42.5
"Machado, Manny",592518,2026,291,23,10,0,12,29,"0.179",".179","35","1","0","32",".268",".306","74.4",9.1,42.6
"Paredes, Isaac",670623,2026,283,33,13,0,10,30,"0.179",".250","35","0","11","29",".338",".327","67.6",7.2,31.4
"Tawa, Tim",694374,2026,70,7,2,0,1,8,"0.085",".209","8","0","0","6",".242",".259","74.4",2.3,32.6
"Ohtani, Shohei",660271,2026,317,44,15,2,15,51,"0.250",".357","42","6","5","51",".411",".422","74.6",17.3,53.8
"Witt Jr., Bobby",677951,2026,330,56,19,1,9,34,"0.164",".332","29","27","1","38",".357",".387","73.6",12,52.1
"Horwitz, Spencer",687462,2026,269,43,9,1,9,37,"0.169",".291","31","1","4","30",".367",".330","68.9",7.9,33
"Bregman, Alex",608324,2026,333,56,10,1,6,35,"0.103",".289","22","2","5","33",".313",".315","69.8",5,38.2
"Short, Zack",670097,2026,46,4,2,0,0,7,"0.055",".231","2","0","1","3",".255",".286","70.6",7.7,26.9
"Grissom, Vaughn",687093,2026,155,19,10,0,4,14,"0.164",".250","27","0","3","14",".324",".350","71.8",7.5,46.7
"Alvarez, Francisco",682626,2026,150,22,5,0,5,13,"0.152",".290","12","0","2","13",".317",".342","74.4",17.3,42.9
"Senger, Hayden",663584,2026,17,1,0,0,1,0,"0.200",".100","2","0","0","2",".197",".181","71.6",0,23.1
"Keaschall, Luke",807712,2026,277,45,12,1,2,25,"0.082",".289","24","10","5","33",".296",".289","69.2",3,29.6
"Norby, Connor",681393,2026,221,23,12,0,4,24,"0.128",".292","16","6","8","17",".302",".288","70.5",8.1,36.3
"Kim, Hyeseong",808975,2026,131,25,3,1,1,12,"0.069",".337","11","5","0","16",".294",".304","66.7",3.4,25.3
"Domínguez, Jasson",691176,2026,41,3,3,0,2,2,"0.236",".200","5","0","1","5",".311",".309","74.1",0,43.8
"Kreidler, Ryan",668952,2026,78,9,3,1,3,9,"0.206",".271","12","0","1","12",".342",".330","74.3",7.8,31.4
"Walls, Taylor",670764,2026,188,26,6,2,0,22,"0.063",".309","16","10","2","23",".280",".242","67.6",2.6,18.3
"Winn, Masyn",691026,2026,271,42,9,2,2,24,"0.081",".288","26","6","6","27",".286",".304","70.3",3.2,33.3
"Wilson, Jacob",805779,2026,186,38,9,0,3,7,"0.102",".307","21","2","0","20",".305",".270","64",1.9,28
"Foscue, Justin",679822,2026,79,12,4,0,3,4,"0.180",".314","9","0","2","9",".332",".357","70.7",9.3,46.3
"Tovar, Ezequiel",678662,2026,263,33,14,0,5,15,"0.119",".281","24","4","2","22",".264",".292","71.8",8.1,36
"Chisholm Jr., Jazz",665862,2026,279,35,10,2,9,32,"0.168",".297","29","20","1","36",".318",".302","72.9",8.4,40.7
"Matthews, Brice",694728,2026,185,24,5,1,6,12,"0.146",".278","18","2","0","18",".273",".277","72.6",9.6,40
"Torrens, Luis",620443,2026,130,16,9,0,1,5,"0.101",".278","15","0","4","14",".267",".279","70.6",4.4,38.7
"Ward, Ryan",669899,2026,46,4,4,0,3,3,"0.302",".320","11","0","0","7",".368",".340","71.7",10.7,35.7
"Davis, Henry",680779,2026,145,9,3,0,5,14,"0.143",".132","17","1","3","13",".237",".292","75.2",11.3,38.1
"Baldwin, Drake",686948,2026,216,38,6,0,13,24,"0.240",".333","39","1","3","40",".403",".418","75",18.6,53.8
"Suzuki, Seiya",673548,2026,245,37,8,0,10,26,"0.177",".319","28","0","3","32",".339",".336","72.9",9.3,42.4
"Larnach, Trevor",663616,2026,212,33,10,1,4,27,"0.132",".324","18","2","3","31",".343",".327","71.4",6.4,30
"Gilbert, Drew",687551,2026,157,20,7,2,3,13,"0.142",".274","14","0","2","17",".299",".273","69.9",2.8,33.3
"Arozarena, Randy",668227,2026,302,50,18,1,7,28,"0.157",".361","33","19","10","47",".366",".353","70.9",7.6,43.4
"Sosa, Edmundo",624641,2026,120,18,4,0,4,3,"0.144",".265","18","2","3","15",".283",".329","72.2",6.9,39.1
"McGuire, Reese",624512,2026,34,5,0,0,0,2,"0.000",".250","3","0","2","1",".222",".242","69.3",0,9.5
"Jensen, Carter",695600,2026,250,28,13,0,8,22,"0.166",".279","36","0","1","30",".295",".273","74.2",9.1,42.6
"Tromp, Chadwick",644433,2026,27,4,1,0,0,0,"0.040",".263","3","0","0","1",".186",".178","70.5",0,30
"Price, Collin",805672,2026,13,1,1,0,0,1,"0.083",".333","0","0","0","1",".220",".302","73.7",0,50
"Cruz, Oneil",665833,2026,283,42,10,0,14,30,"0.208",".377","44","21","3","45",".359",".358","78.5",16.7,59.2
"Crow-Armstrong, Pete",691718,2026,314,47,12,4,14,24,"0.222",".335","36","16","8","44",".367",".361","74.9",11.3,51.7
"Altuve, Jose",514888,2026,222,29,10,0,7,22,"0.157",".275","16","1","1","32",".311",".299","69",6.8,36
"Rutschman, Adley",668939,2026,220,27,15,1,8,23,"0.213",".274","40","0","1","26",".355",".364","71",9.1,45.5
"Rodríguez, Julio",677594,2026,326,47,14,0,13,25,"0.178",".277","35","9","2","39",".322",".341","76.7",9.1,43.8
"Sánchez, Gary",596142,2026,135,13,4,1,7,23,"0.246",".234","19","0","2","21",".373",".371","71.8",10.7,34.5
"Eldridge, Bryce",805811,2026,121,19,9,0,5,16,"0.231",".373","15","0","0","18",".410",".404","73.5",12.5,57.5
"McCutchen, Andrew",457705,2026,83,11,2,0,1,9,"0.068",".255","5","0","0","8",".250",".237","70.5",5.8,28.8
"France, Ty",664034,2026,149,22,5,2,6,8,"0.195",".309","19","1","2","15",".326",".313","71.6",11.1,49
"Benge, Carson",701807,2026,278,47,9,1,7,19,"0.125",".305","26","10","4","37",".308",".345","71.2",8.8,42.3
"Vargas, Ildemaro",545121,2026,243,42,9,2,7,10,"0.149",".266","37","1","2","32",".308",".308","70.7",3.9,31.6
"Pagés, Pedro",686780,2026,134,18,6,0,4,5,"0.147",".276","10","2","2","12",".284",".285","72.3",6.4,38.9
"Callihan, Tyler",682997,2026,38,5,2,1,2,6,"0.322",".400","6","1","1","6",".465",".337","69.3",13.6,36.4
"McKinstry, Zach",656716,2026,165,18,3,1,2,18,"0.077",".196","10","1","0","8",".232",".250","69",2.6,21.6
"White, Eli",642201,2026,87,11,4,1,3,5,"0.188",".250","14","2","1","12",".309",".311","73.7",7.5,35.8
"Bliss, Ryan",669208,2026,10,1,0,0,0,1,"0.000",".167","1","0","0","0",".159",".270","69.8",0,66.7
"Mesa Jr., Victor",683748,2026,48,6,0,0,2,7,"0.150",".231","5","0","0","6",".306",".361","73.6",10.3,34.5
"Tatis Jr., Fernando",665487,2026,309,63,10,1,2,28,"0.066",".349","24","17","2","28",".310",".349","75.4",10.2,53
"Walker, Jordan",691023,2026,301,47,16,0,18,21,"0.253",".344","56","10","2","46",".384",".373","79.1",14.4,53.2
"Smith, Will",669257,2026,201,32,5,0,6,23,"0.133",".272","23","0","2","23",".323",".386","70.1",13.4,39.4
"Dezenzo, Zach",701305,2026,51,4,4,0,1,4,"0.149",".296","2","0","0","5",".265",".252","74.4",14.3,28.6
"Massey, Michael",686681,2026,166,23,12,0,6,5,"0.191",".282","23","1","0","19",".313",".282","72.1",8.4,43.5
"Wagaman, Eric",676572,2026,10,1,0,0,1,1,"0.375",".333","1","0","1","1",".439",".436","70.9",25,50
"Stott, Bryson",681082,2026,252,31,13,3,6,18,"0.161",".258","35","12","1","22",".299",".314","69.9",7.4,41.1
"Polanco, Jorge",593871,2026,61,6,3,0,1,5,"0.107",".205","2","0","0","3",".241",".270","69.5",4.4,33.3
"Muncy, Max",691777,2026,125,15,6,2,3,7,"0.171",".324","14","2","4","18",".306",".294","74.7",12.2,52.7
"Candelario, Jeimer",600869,2026,20,0,2,0,0,1,"0.111",".200","0","0","1","3",".198",".218","71",0,40
"Narváez, Carlos",665966,2026,134,18,5,0,2,10,"0.091",".295","3","1","2","15",".263",".277","71.6",6.2,38.3
"McCarthy, Jake",664983,2026,202,35,11,3,4,12,"0.158",".345","27","11","1","23",".339",".312","71.3",5.4,25.5
"Herrera, Iván",671056,2026,323,45,13,1,9,42,"0.160",".289","31","4","18","48",".366",".369","74.2",7.1,41.8
"Lee, Jung Hoo",808982,2026,261,61,15,2,3,11,"0.114",".356","25","3","3","35",".356",".336","68.4",2.3,30.6
"Kirk, Alejandro",672386,2026,35,4,2,0,1,4,"0.161",".231","4","0","0","3",".313",".314","70.7",3.7,44.4
"Harris II, Michael",671739,2026,258,51,9,0,14,12,"0.209",".335","41","3","1","35",".368",".383","75",15.1,51.8
"Crooks, Jimmy",699625,2026,35,3,2,0,1,4,"0.161",".238","6","0","0","2",".288",".369","71.3",9.1,45.5
"Lawlar, Jordan",691783,2026,36,6,1,0,1,3,"0.133",".350","4","4","3","4",".361",".351","70.1",4.8,28.6
"Young, Jacob",696285,2026,243,35,8,2,8,12,"0.159",".262","28","7","4","31",".299",".306","69.4",6.7,36.5
"Alexander, Blaze",677942,2026,173,33,10,1,2,10,"0.116",".386","19","7","3","19",".336",".354","72.6",6.8,47.5
"Schmitt, Casey",669477,2026,273,42,13,1,15,7,"0.234",".295","38","6","6","33",".351",".344","72.3",12.3,41.5
"Garcia, Aramis",605244,2026,19,2,0,0,1,0,"0.158",".167","2","0","0","2",".202",".259","72.2",7.7,30.8
"Tena, José",677588,2026,139,17,7,1,3,9,"0.140",".305","14","1","1","19",".280",".297","74",10.6,52.9
"Lindor, Francisco",596019,2026,105,15,2,2,2,11,"0.129",".264","5","2","1","14",".302",".340","73",9.5,43.2
"Garver, Mitch",641598,2026,107,13,2,0,3,17,"0.122",".273","11","0","0","14",".301",".301","72.7",6.9,48.3
"Riley, Austin",663586,2026,289,32,11,1,8,25,"0.145",".262","34","4","6","31",".286",".302","75.5",10.2,43.8
"Yastrzemski, Mike",573262,2026,200,28,9,1,3,19,"0.113",".299","18","1","4","26",".302",".288","71.1",3.8,41.5
"Keith, Colt",690993,2026,209,38,8,2,4,11,"0.123",".322","16","3","2","27",".310",".322","72",8.6,42.5
"Muncy, Max",571970,2026,258,34,9,0,16,33,"0.257",".297","28","0","3","47",".387",".389","71.4",16.1,47.2
"Lewis, Royce",668904,2026,161,18,5,0,6,16,"0.163",".247","20","4","2","17",".295",".300","74.2",12.1,41.4
"Loftin, Nick",679845,2026,124,13,10,1,1,15,"0.147",".273","18","0","3","14",".331",".320","68.6",5.6,33.3
"Grichuk, Randal",545341,2026,95,12,6,0,6,4,"0.269",".290","19","0","1","16",".360",".384","73.9",13.2,44.1
"Castro, Willi",650489,2026,243,44,12,0,5,23,"0.125",".368","31","5","3","32",".342",".303","72.8",5.8,42.7
"Meyers, Jake",676694,2026,119,17,4,0,3,8,"0.119",".250","10","1","1","12",".275",".257","67.4",6.9,26.4
"Rosario, Amed",642708,2026,113,16,3,1,6,7,"0.224",".263","20","1","0","14",".327",".327","73.9",11,39
"Ramírez, José",608070,2026,314,36,18,0,10,41,"0.179",".249","33","24","1","42",".330",".355","70.1",6.6,43.8
"Mead, Curtis",678554,2026,207,21,10,0,11,26,"0.242",".235","34","3","3","32",".360",".373","72.8",11.3,43.4
"Doyle, Brenton",686668,2026,122,18,4,0,1,11,"0.063",".314","4","9","0","21",".254",".248","71.9",5.9,35.2
"Wood, James",695578,2026,345,42,17,0,20,59,"0.274",".364","48","13","4","68",".413",".433","76.4",24.2,58.2
"Higashioka, Kyle",543309,2026,128,19,3,0,5,12,"0.156",".286","14","0","1","15",".314",".309","71",11,37.8
"Jansen, Danny",643376,2026,142,11,6,1,3,13,"0.138",".225","12","1","5","11",".269",".254","70.5",6,33.3
"Judge, Aaron",592450,2026,261,26,10,0,17,42,"0.285",".286","38","5","2","43",".387",".415","76.1",21.7,57.3
"Crawford, Justin",702222,2026,218,35,9,2,2,14,"0.094",".297","14","9","2","19",".281",".266","68.8",1.3,34.4
"Murakami, Munetaka",808959,2026,246,24,4,0,20,44,"0.320",".277","41","1","1","43",".399",".380","75.2",20.7,58.7
"Del Castillo, Adrian",680728,2026,141,16,4,0,4,11,"0.124",".244","20","0","0","9",".250",".257","72.2",5.9,40.7
"Young, Jared",676724,2026,91,12,4,0,4,7,"0.195",".267","10","0","1","10",".326",".340","73.3",12.5,46.9
"Triolo, Jared",669707,2026,136,23,4,0,0,11,"0.033",".314","7","3","1","10",".254",".262","70.6",1.2,35.6
"Fulford, Braxton",690924,2026,39,4,2,0,1,5,"0.156",".316","5","3","0","9",".299",".238","71.4",5,30
"Ballesteros, Moisés",694208,2026,175,24,6,0,6,17,"0.154",".259","23","1","0","16",".305",".310","73.3",9.1,46.7
"Shewmake, Braden",669699,2026,79,12,3,0,3,2,"0.162",".254","8","0","0","8",".287",".282","69.5",6.3,35.9
"Hayes, Ke'Bryan",663647,2026,128,12,2,1,2,8,"0.083",".153","5","1","0","10",".192",".312","70.5",9.4,39
"Laureano, Ramón",657656,2026,206,22,6,2,7,20,"0.171",".268","21","7","2","23",".293",".312","72.4",14.3,41.2
"Chaparro, Andrés",665953,2026,38,2,3,0,0,9,"0.104",".227","4","0","0","5",".313",".379","74.4",4.5,40.9
"Fermin, Freddy",666023,2026,142,10,5,0,3,14,"0.114",".163","11","0","2","14",".234",".266","69.8",3.1,25.8
"Feduccia, Hunter",676439,2026,93,17,2,0,1,9,"0.063",".365","7","0","1","9",".295",".305","70.3",5.6,37
"Mitchell, Garrett",669003,2026,222,28,14,2,5,28,"0.174",".404","34","6","2","30",".348",".341","76.8",14.8,49.6
"Thomas, Alek",677950,2026,100,6,9,0,2,3,"0.159",".217","10","4","2","12",".247",".292","69.5",8.6,43.1
"Palacios, Richie",680700,2026,167,25,5,2,1,21,"0.085",".302","20","7","3","20",".305",".301","69",2.8,27.1
"Rodríguez, Endy",682848,2026,76,10,3,0,3,15,"0.200",".325","8","2","0","10",".392",".378","72.2",14,41.9
"Vilade, Ryan",668723,2026,126,22,5,1,4,12,"0.173",".322","25","3","0","11",".354",".320","76",4.4,37.4
"Marchán, Rafael",665561,2026,74,5,0,0,2,1,"0.084",".089","6","0","2","4",".145",".196","66.1",3.4,20.7
"McLain, Matt",680574,2026,271,28,12,0,8,33,"0.154",".250","25","11","3","31",".304",".330","71.6",10.2,38.5
"Castellanos, Nick",592206,2026,122,13,5,0,4,5,"0.148",".228","20","2","0","9",".240",".285","69.7",8.4,37.3
"Williamson, Ben",810938,2026,174,30,7,1,1,16,"0.077",".311","19","5","1","23",".297",".308","70",1.6,38.7
"Millas, Drew",686452,2026,123,14,4,0,2,10,"0.093",".231","9","0","2","16",".254",".279","67.7",3.8,22
"Amaya, Miguel",665804,2026,121,15,5,0,3,14,"0.142",".282","10","0","6","15",".337",".313","70",8,29.3
"Church, Nathan",701675,2026,185,31,8,0,5,9,"0.134",".307","19","4","2","20",".302",".291","70.1",9.1,31.1
"Merrill, Jackson",701538,2026,289,33,13,1,7,23,"0.137",".251","28","11","1","31",".272",".314","73.5",10.3,46.4
"Diaz, Yainer",673237,2026,110,18,5,0,2,4,"0.106",".261","14","0","0","8",".267",".264","72.3",3.3,27.8
"Mack, Joe",691788,2026,107,17,5,0,2,8,"0.114",".338","14","0","0","12",".298",".292","74.5",7.2,37.7
"Bolte, Henry",703607,2026,109,24,5,0,1,7,"0.083",".453","7","6","5","10",".352",".277","77",3.1,50
"Fortes, Nick",663743,2026,179,32,10,0,1,5,"0.078",".294","14","0","6","16",".289",".285","72.4",1.4,40
"Yelich, Christian",592885,2026,177,30,8,1,4,17,"0.139",".371","22","5","1","32",".332",".295","72.8",6.4,37.6
"Benintendi, Andrew",643217,2026,228,29,10,2,8,19,"0.185",".295","33","1","0","29",".315",".324","69.6",11,48.3
"Hernaiz, Darell",687231,2026,134,24,3,0,1,13,"0.051",".287","7","3","1","12",".282",".263","69.1",1,24.7
"Mancini, Trey",641820,2026,14,3,0,1,0,0,"0.154",".364","4","0","0","1",".306",".282","74.5",18.2,45.5
"O'Hearn, Ryan",656811,2026,240,44,7,0,10,20,"0.172",".331","35","1","2","32",".350",".326","70.7",6.1,45.1
"Allen, Nick",669397,2026,70,13,2,0,1,3,"0.078",".300","5","1","1","12",".276",".248","69",1.9,30.8
"Peters, Tristan",671976,2026,200,33,15,2,3,14,"0.156",".357","21","4","2","22",".353",".303","69.5",4.8,27.4
"Greene, Riley",682985,2026,306,55,16,0,8,38,"0.152",".413","33","1","2","36",".373",".358","75.5",13.3,50.6
"Anthony, Roman",701350,2026,130,18,5,1,1,20,"0.092",".320","5","2","1","12",".311",".352","75.6",9.3,47.4
"Gasper, Mickey",681508,2026,94,18,4,1,0,6,"0.070",".348","6","0","1","11",".298",".273","71.9",4.5,41.8
"d'Arnaud, Travis",518595,2026,40,5,1,0,1,3,"0.114",".222","3","0","2","5",".284",".337","70.8",14.3,32.1
"Morabito, Nick",703492,2026,12,0,0,0,0,0,"0.000",".000","0","0","1","0",".061",".173","68.2",0,50
"Swanson, Dansby",621020,2026,268,25,7,1,7,34,"0.131",".208","28","6","1","39",".269",".281","71.3",6.6,39.5
"Arenado, Nolan",571448,2026,261,35,12,0,8,22,"0.157",".276","31","3","6","30",".316",".301","71.4",6.2,30.5
"Bellinger, Cody",641355,2026,303,43,14,3,10,41,"0.195",".279","47","8","0","43",".364",".373","69.5",8.1,37.5
"Reynolds, Bryan",668804,2026,320,46,16,2,10,49,"0.190",".339","45","5","5","49",".383",".372","72.9",10.1,45.7
"Cox, Jonah",813841,2026,16,3,1,1,1,0,"0.400",".714","2","1","0","4",".507",".389","70",11.1,44.4
"García, Adolis",666969,2026,259,29,8,1,7,21,"0.134",".266","21","3","4","21",".269",".294","71.7",9.3,48
"Carroll, Corbin",682998,2026,300,37,15,8,12,34,"0.258",".323","34","9","4","44",".387",".367","75.5",12.9,49.2
"Donovan, Brendan",680977,2026,101,15,4,1,3,11,"0.178",".299","8","1","5","9",".373",".345","68.5",4.4,32.9
"Lopez, Nicky",670032,2026,56,12,1,0,1,2,"0.077",".325","5","2","1","5",".294",".263","66.1",0,21.4
"Trevino, Jose",624431,2026,35,4,1,0,0,1,"0.032",".192","2","0","0","2",".168",".210","69.7",0,28.6
"Schanuel, Nolan",694384,2026,237,38,12,0,4,17,"0.112",".289","25","0","5","21",".308",".316","68",2.8,31.6
"Schwarber, Kyle",656941,2026,315,31,9,1,25,46,"0.325",".308","43","1","4","44",".401",".380","77",21,50.6
"Jackson, Jeremiah",669236,2026,182,31,7,0,7,4,"0.160",".286","29","1","1","20",".300",".294","73",7.9,40.7
"Abreu, Wilyer",677800,2026,298,50,15,1,8,26,"0.153",".324","34","5","0","31",".335",".339","73.7",11.3,42.3
"Pages, Andy",681624,2026,309,45,15,1,15,19,"0.219",".288","56","7","2","42",".345",".340","72.9",9.3,47.6
"Díaz, Elias",553869,2026,41,6,4,0,2,1,"0.250",".333","8","0","0","6",".372",".304","75.5",9.4,43.8
"Edwards, Xavier",669364,2026,313,58,11,4,6,39,"0.137",".322","25","11","0","43",".355",".338","68.5",5.6,32.1
"Murray, Tanner",695020,2026,33,5,0,0,1,2,"0.107",".238","3","0","1","2",".257",".275","73.8",8.7,43.5
"McGonigle, Kevin",805808,2026,309,51,15,3,5,45,"0.138",".319","25","9","2","46",".365",".366","71.5",8.6,37.3
"Cortes, Carlos",666126,2026,198,34,9,1,6,21,"0.168",".301","21","1","3","17",".367",".365","70.5",8.7,40.4
"Gonzalez, Jacob",694378,2026,45,7,0,0,1,5,"0.077",".292","5","0","1","3",".279",".288","71.7",4.2,37.5
"Helman, Michael",680737,2026,35,3,1,0,1,1,"0.133",".167","2","0","2","2",".240",".201","70.1",0,7.7
"Acuña, Luisangel",682668,2026,128,22,2,0,0,7,"0.017",".245","8","12","1","13",".219",".271","72",3,38.4
"Valenzuela, Brandon",678218,2026,149,21,5,0,7,17,"0.200",".289","18","1","0","17",".348",".350","72.6",9.2,36.7
"Rooker, Brent",667670,2026,203,22,4,0,10,19,"0.189",".243","29","2","2","20",".294",".315","74.1",15.5,41.9
"Nimmo, Brandon",607043,2026,304,45,16,2,7,24,"0.151",".309","25","2","6","28",".326",".372","72.5",10.9,52.6
"O'Neill, Tyler",641933,2026,137,16,5,0,2,14,"0.091",".253","8","1","2","15",".263",".278","71.8",5.9,38.8
"Caissie, Owen",683357,2026,193,20,10,0,6,14,"0.163",".326","35","3","2","19",".281",".285","74.8",13.3,45.9
"Alonso, Pete",624413,2026,320,41,13,0,16,35,"0.219",".278","48","2","3","44",".350",".377","74.7",12.4,56.2
"Hays, Austin",669720,2026,44,8,1,0,1,1,"0.093",".310","7","0","0","3",".244",".283","72.4",3.3,50
"Ortiz, Joey",687401,2026,170,24,5,0,1,20,"0.055",".244","14","5","0","18",".263",".297","72.1",3.3,33.3
"Dunn, Blake",694362,2026,125,23,5,1,2,8,"0.112",".333","5","6","1","16",".312",".264","71.6",3.5,29.5
"Freeman, Freddie",518692,2026,310,46,17,1,11,36,"0.194",".306","38","2","3","39",".368",".378","70.3",11.8,45
"Hoskins, Rhys",656555,2026,201,12,12,0,6,34,"0.187",".238","24","0","2","24",".316",".301","72.2",11.2,42.1
"Ward, Taylor",621493,2026,336,49,17,0,3,63,"0.097",".330","20","2","3","46",".350",".358","67.9",4.9,41.4
"Waldschmidt, Ryan",814439,2026,122,19,9,1,0,8,"0.098",".403","8","5","1","11",".300",".289","72.4",8.3,36.1
"Peña, Jeremy",665161,2026,159,28,8,0,3,12,"0.119",".305","13","5","3","25",".327",".356","72.2",4.1,35.5
"Burger, Jake",669394,2026,287,40,13,0,12,21,"0.186",".299","42","1","1","32",".322",".305","75.1",9.6,46.6
"Marte, Noelvi",682622,2026,63,8,1,0,3,4,"0.170",".225","3","4","0","7",".276",".286","72.1",7,34.9
"Vaughn, Andrew",683734,2026,111,22,9,1,2,11,"0.173",".381","18","0","2","14",".414",".350","69.6",3.5,43
"Mayo, Coby",691723,2026,197,19,7,0,9,14,"0.189",".241","26","1","2","25",".283",".293","75.5",10.3,48.7
"Rivas, Leo",660844,2026,120,10,2,1,0,15,"0.041",".203","7","2","3","9",".219",".239","65.3",1.5,13.6
"Conforto, Michael",624424,2026,115,9,9,0,4,16,"0.215",".305","13","1","0","12",".338",".348","72.8",14.3,52.4
"Meckler, Wade",685133,2026,75,13,5,0,2,7,"0.162",".346","13","2","0","10",".360",".332","69.7",7.4,27.8
"Isbel, Kyle",664728,2026,183,29,7,1,3,10,"0.110",".306","11","5","3","16",".291",".275","71.7",3.1,34.1
"Gelof, Zack",680869,2026,208,35,9,1,10,12,"0.214",".346","28","8","2","34",".363",".291","73.7",7.8,42.3
"Collins, Isaac",686555,2026,241,32,8,0,3,32,"0.085",".290","19","3","5","24",".297",".307","73.5",7,39.9
"Caminero, Junior",691406,2026,307,45,12,0,15,42,"0.216",".289","32","0","0","43",".374",".362","79.9",12.3,50.2
"Lowe, Nathaniel",663993,2026,176,21,9,0,9,22,"0.234",".288","25","0","0","17",".362",".376","74.3",13,42.5
"Andujar, Miguel",609280,2026,198,29,12,2,5,7,"0.164",".285","17","2","2","18",".304",".285","70.9",4.5,36.5
"Loperfido, Joey",694388,2026,82,11,5,0,0,11,"0.072",".333","7","1","1","10",".295",".282","72.5",4.2,35.4
"Gray, Tristan",656484,2026,140,23,4,0,4,8,"0.126",".321","27","2","1","13",".289",".292","72.4",6.8,41.6
"Rodriguez, Jesus",683679,2026,43,7,0,0,2,3,"0.154",".219","7","1","1","3",".307",".320","68.6",2.9,29.4
"Kim, Ha-Seong",673490,2026,62,5,0,0,0,6,"0.000",".119","3","1","0","4",".140",".215","72",2.5,21.4
"Hill, Derek",656537,2026,99,14,1,0,4,7,"0.147",".294","8","7","1","12",".285",".282","71.8",8.9,33.3
"Wells, Austin",669224,2026,169,19,1,0,4,23,"0.089",".206","7","0","0","15",".247",".301","72.6",6.9,44.6
"Williams, Alika",675961,2026,45,7,5,0,1,2,"0.190",".400","5","0","0","6",".365",".224","68.4",0,38.7
"Moore, Dylan",664238,2026,15,0,0,0,0,3,"0.000",".000","0","1","0","3",".140",".233","73.2",0,33.3
"Henderson, Gunnar",683002,2026,334,40,13,1,14,26,"0.189",".258","34","6","4","39",".311",".310","74.5",8.5,45.3
"Bleday, JJ",668709,2026,192,20,10,1,13,26,"0.311",".263","34","2","1","27",".404",".390","74.1",11.6,46.9
"Caglianone, Jac",695506,2026,253,40,12,1,8,22,"0.167",".371","20","3","4","29",".345",".356","76.8",14.6,57
"Black, Tyler",672012,2026,28,5,4,0,0,1,"0.148",".450","7","0","0","2",".366",".191","71.6",0,15
"Whitcomb, Shay",694376,2026,24,1,0,0,2,1,"0.261",".100","5","0","0","2",".238",".259","71.9",16.7,41.7
"McAdoo, Charles",807727,2026,24,3,0,0,1,0,"0.125",".176","3","0","0","2",".198",".243","73.6",5.6,27.8
"Martin, Austin",668885,2026,236,35,11,0,2,29,"0.084",".293","17","8","5","28",".311",".310","69",2.5,28.3
"Meidroth, Chase",805367,2026,294,52,13,0,6,27,"0.120",".346","25","2","2","42",".331",".292","67.1",5.1,35.5
"Young, Cole",702284,2026,299,53,10,1,5,20,"0.100",".303","32","2","6","31",".303",".328","71.8",5.1,38.2
"Smith, Dominic",642086,2026,171,33,4,1,6,9,"0.154",".288","30","0","1","25",".327",".341","68.8",7.3,36
"Raley, Luke",670042,2026,210,25,6,1,14,11,"0.262",".291","35","1","6","24",".347",".359","75.4",16.7,47.6
"Turner, Trea",607208,2026,313,45,11,0,7,20,"0.110",".262","21","14","1","41",".266",".278","71.5",5,38.5
"Hicks, Liam",689414,2026,277,46,7,1,13,28,"0.201",".262","51","1","5","39",".366",".322","68.2",4.6,31.5
"Antonacci, Sam",803011,2026,212,38,8,2,2,15,"0.101",".331","17","9","15","32",".347",".369","70.2",7.5,35.8
"Wynns, Austin",642851,2026,57,4,0,0,0,3,"0.000",".103","0","0","0","3",".101",".265","71.3",5,27.5
"Bogaerts, Xander",593428,2026,269,41,4,0,8,26,"0.117",".246","27","9","2","29",".290",".316","71.9",6.8,36.6
"Bailey, Patrick",672275,2026,144,16,3,1,2,10,"0.083",".208","10","2","0","10",".214",".280","73.1",7.2,37.8
"Brennan, Will",686823,2026,23,2,0,0,0,0,"0.000",".100","0","0","0","0",".078",".178","68.4",0,25
"Crews, Dylan",686611,2026,96,11,2,0,4,2,"0.154",".188","13","2","3","11",".252",".336","73.9",9.6,45.2
"Duran, Jarren",680776,2026,289,34,9,2,12,18,"0.184",".263","37","11","3","35",".292",".296","75.4",11.6,39.9
"Semien, Marcus",543760,2026,289,40,8,0,9,21,"0.133",".246","26","6","1","28",".277",".322","68.7",8.9,35.6
"Jiménez, Eloy",650391,2026,35,9,0,0,0,3,"0.000",".360","3","0","0","2",".290",".256","72.7",4,44
"Santana, Carlos",467793,2026,26,1,1,0,0,2,"0.042",".125","0","0","0","1",".137",".187","71.6",0,43.8
"Freeland, Alex",690976,2026,165,23,6,0,3,17,"0.106",".305","16","1","1","17",".290",".290","70.7",6.9,39.6
"Piñango, Yohendrick",682818,2026,128,25,6,0,4,8,"0.150",".352","18","0","0","9",".342",".326","75.5",7.6,45.7
"Kurtz, Nick",701762,2026,330,44,13,1,18,68,"0.266",".389","57","7","2","52",".428",".398","78.2",18,57.5
"Robles, Victor",645302,2026,48,11,2,0,0,1,"0.042",".317","2","2","0","4",".272",".264","68.5",4.9,19.5
"Fry, David",681807,2026,111,15,4,0,3,17,"0.138",".339","8","0","0","13",".326",".277","70.4",6.8,33.9
"Wade Jr., LaMonte",664774,2026,13,1,2,0,1,1,"0.417",".375","4","0","0","2",".476",".300","73.2",11.1,44.4
"Saggese, Thomas",695336,2026,82,10,2,1,1,6,"0.092",".265","4","1","0","9",".236",".274","72.2",10,38
"Wiemer, Joey",686894,2026,83,11,5,1,3,12,"0.228",".447","12","1","1","16",".399",".315","71.5",10,39
"Naylor, Bo",666310,2026,90,8,2,0,2,6,"0.095",".164","7","0","0","4",".200",".295","71.8",11.5,42.6
"Realmuto, J.T.",592663,2026,185,25,4,0,5,14,"0.115",".234","17","3","5","16",".277",".321","73.1",5.4,39.5
"Rumfield, TJ",681198,2026,285,43,14,2,10,27,"0.191",".292","36","0","5","32",".360",".324","69.1",6.2,33
"Smith, Josh",669701,2026,113,19,2,0,0,14,"0.021",".269","6","2","1","6",".262",".294","69.3",5.1,33.3
"Refsnyder, Rob",608701,2026,103,10,0,0,3,7,"0.100",".167","9","0","2","8",".211",".259","72.2",7.8,35.9
"Rocchio, Brayan",677587,2026,261,45,9,2,5,22,"0.123",".293","32","12","7","28",".331",".313","70",3.1,32.7
"DeLauter, Chase",800050,2026,270,43,12,1,7,28,"0.145",".281","34","2","0","24",".331",".341","71.2",5.9,40.5
"Hernández, Teoscar",606192,2026,204,35,8,0,7,19,"0.160",".355","31","2","2","30",".344",".339","72.2",11,45.3
"O'Hoppe, Logan",681351,2026,171,25,8,0,3,13,"0.111",".297","17","0","3","17",".294",".289","72.2",12.2,39.1
"Rogers, Jake",668670,2026,68,5,2,1,1,6,"0.121",".211","5","1","1","6",".233",".253","70.7",10,35
"Robert Jr., Luis",673357,2026,98,14,3,0,2,13,"0.105",".258","8","2","0","10",".301",".324","76",2.9,42.6
"De La Cruz, Elly",682829,2026,257,38,13,2,12,22,"0.229",".366","37","10","2","40",".371",".362","74.5",15,52.9
"Kelenic, Jarred",672284,2026,59,9,2,0,1,6,"0.095",".344","4","0","0","3",".285",".368","73.6",24.2,54.5
"Trout, Mike",545361,2026,331,32,12,0,17,65,"0.240",".272","36","7","4","54",".377",".412","75.1",21.3,52
"Neto, Zach",687263,2026,326,33,14,2,14,36,"0.213",".297","33","11","7","50",".335",".316","70.6",12.4,37.1
"Haggerty, Sam",664059,2026,47,6,1,0,0,2,"0.023",".250","1","2","1","3",".186",".182","70.2",0,7.1
"Gonzales, Nick",693304,2026,275,61,11,0,2,16,"0.067",".351","32","4","4","38",".315",".326","70.5",2.9,37.2
"Julien, Edouard",666397,2026,196,31,5,1,2,24,"0.076",".319","17","4","1","23",".292",".337","71.5",6.8,50.8
"Devers, Rafael",646240,2026,307,35,21,1,9,23,"0.178",".315","33","0","1","33",".306",".291","71.7",9.5,49.5
"Garcia, Jhostynxon",691373,2026,37,6,1,0,0,1,"0.029",".280","2","0","1","2",".218",".282","74.2",4,32
"Ramírez, Agustín",682663,2026,129,18,5,1,2,13,"0.115",".286","14","3","2","14",".297",".282","75.9",4.7,40.7
"Wilson, Weston",642215,2026,46,7,1,0,1,6,"0.102",".296","3","2","1","6",".316",".297","72.5",3.7,35.7
"Basallo, Samuel",694212,2026,219,31,9,1,10,19,"0.207",".306","30","0","0","27",".339",".345","75",12.6,46.5
"Pham, Tommy",502054,2026,14,0,0,0,0,1,"0.000",".000","0","0","0","1",".050",".137","69.3",0,33.3
"Taylor, Tyrone",621438,2026,104,11,4,0,3,3,"0.134",".200","14","0","0","8",".232",".248","71.3",6.1,30.5
"McNeil, Jeff",643446,2026,238,38,9,0,3,20,"0.085",".264","19","1","3","19",".284",".308","68",1.1,30.8
"Cole, Zach",805904,2026,53,4,1,0,3,1,"0.196",".185","8","0","1","4",".235",".289","76.3",16.7,50
"Tolbert, Tyler",686475,2026,19,4,0,0,0,2,"0.000",".400","0","5","0","6",".262",".272","69.7",0,30
"Crawford, J.P.",641487,2026,237,30,5,0,10,36,"0.179",".246","23","1","5","31",".349",".361","71.5",9.3,36.8
"Siri, Jose",642350,2026,55,9,3,0,3,5,"0.255",".414","12","0","1","12",".420",".372","72.9",18.2,39.4
"Pérez, Wenceel",672761,2026,175,17,4,1,7,14,"0.168",".176","17","3","0","22",".263",".272","71.4",7.6,33.3
"Fairchild, Stuart",656413,2026,21,3,0,0,0,6,"0.000",".750","1","1","1","3",".363",".320","71",0,50
"Contreras, Willson",575929,2026,283,42,11,2,16,26,"0.261",".355","43","1","13","34",".407",".384","76.6",14.2,44.4
"Pauley, Graham",688363,2026,91,7,6,0,1,5,"0.106",".210","9","1","0","8",".216",".190","71.8",3.1,18.8
"Lee, Hao-Yu ",701678,2026,96,15,4,1,2,4,"0.131",".308","10","1","0","7",".281",".285","70.4",10.4,31.3
"Peraza, Oswald",672724,2026,224,36,9,2,7,9,"0.163",".331","21","9","6","20",".322",".308","72.1",8.7,37.3
"Bazzana, Travis",683953,2026,178,24,9,1,4,21,"0.149",".293","17","11","2","16",".329",".308","69.4",3.4,35.6
"Heineman, Tyler",623168,2026,87,10,1,0,1,2,"0.051",".190","6","0","3","6",".191",".224","65.3",1.6,14.3
"Scott II, Victor",687363,2026,184,24,4,0,2,16,"0.064",".255","9","9","2","19",".249",".273","68.4",0.8,23.8
"Valera, George",671655,2026,38,5,3,0,0,1,"0.081",".276","6","0","0","1",".236",".198","72.3",0,34.5
"Durán, Rodolfo",660710,2026,48,1,2,0,3,7,"0.275",".120","6","0","1","6",".318",".350","73.4",17.9,35.7
"Mastrobuoni, Miles",670156,2026,21,3,0,0,0,2,"0.000",".273","1","0","0","3",".204",".184","68.3",0,16.7
"Dubón, Mauricio",643289,2026,268,43,13,2,6,18,"0.142",".291","38","1","2","28",".317",".315","68.9",5.9,27.8