"player_name","player_id","year","k_percent","bb_percent","p_era","xba","xslg","woba","xwoba","xobp","xiso","barrel","barrel_batted_rate","hard_hit_percent","avg_best_speed","whiff_percent","swing_percent","flyballs_percent","fastball_avg_speed","fastball_avg_spin"
"Martinez, Nick",607259,2026,15.1,4.7,"2.73",".282",".440",".299",".333",".320",".158",20,6.9,33.1,"75.977910347",18.3,50.5,27.2,"91.6","2304"
"Montero, Keider",672456,2026,16.5,5.3,"3.68",".239",".406",".273",".301",".285",".167",21,8.4,40,"79.2657025",16.3,48.6,28.8,"94.3","2232"
"Holmes, Grant",656550,2026,20.2,11.5,"4.17",".249",".430",".335",".340",".342",".181",21,9.7,43.8,"80.914859346",28.5,47.5,26.3,"93.8","2335"
"Dodd, Dylan",689266,2026,29.3,10.7,"2.84",".212",".355",".264",".285",".297",".143",4,8.9,37.8,"81.140734091",27.8,51.8,22.2,"91.6","2115"
"Hudson, Bryan",663542,2026,21.9,9.7,"2.19",".223",".315",".278",".284",".313",".093",4,3.9,34.3,"77.644922449",23.8,44.9,25.5,"91.5","2197"
"Thompson, Ryan",657044,2026,16,6.7,"2.86",".269",".372",".300",".303",".322",".103",4,4.4,37.4,"78.586742444",18.1,47.6,17.6,"89.4","1999"
"Gómez, Yoendrys",672782,2026,21.3,11,"3.55",".239",".439",".299",".342",".343",".201",11,10.9,40.6,"78.3216864",24,47,35.2,"94.1","2438"
"Nelson, Ryne",669194,2026,17.5,6.2,"4.97",".261",".500",".337",".349",".317",".239",27,10.2,43.4,"80.202420909",21,54.2,37.4,"95.8","2269"
"Rodón, Carlos",607074,2026,26.6,12.7,"3.70",".224",".346",".294",".306",".328",".122",6,5.8,38.5,"81.828637692",27.8,48.2,24,"94.2","2340"
"Keller, Brad",641745,2026,23.7,9.2,"4.15",".230",".319",".314",".286",".312",".089",4,4.7,32.6,"74.451226977",22.1,45.3,29.1,"96.9","2351"
"Soto, Gregory",642397,2026,29.2,10,"3.34",".202",".298",".253",".273",".294",".096",4,5.2,36.4,"71.913777632",27.4,43,23.4,"96.5","2305"
"Ashcraft, Braxton",677952,2026,27.3,5.6,"3.07",".215",".322",".280",".267",".272",".108",13,5.1,38.5,"79.346723543",27.4,51.7,25.7,"97","2349"
"Ramírez, Yohan",670990,2026,25.4,12.2,"3.92",".223",".316",".291",".293",".351",".093",6,5.5,30.9,"71.869588909",26.4,46.1,22.7,"96.3","2295"
"Madden, Ty",680744,2026,28,6.1,"3.15",".206",".341",".263",".268",".264",".135",4,7.5,39.6,"76.36432037",28.9,47.8,22.6,"91.5","2371"
"Mantiply, Joe",573009,2026,22.5,5.6,"2.04",".266",".446",".291",".332",".317",".181",5,10,44,"77.7599675",16.8,49.6,12,"88.8","2155"
"Okert, Steven",595345,2026,24.3,7.4,"2.35",".204",".352",".244",".278",".274",".148",5,5.2,29.3,"76.569030833",29.2,49.4,36.4,"91.2","2223"
"Rodríguez, Elmer",695684,2026,12,13.3,"4.76",".272",".385",".350",".367",".400",".114",3,5.2,34.5,"75.299671034",27,39.6,20.7,"95","1892"
"Kelly, Zack",677161,2026,19.7,9.9,"3.31",".290",".432",".281",".368",".376",".143",4,8.2,38.8,"76.440982917",21.1,43.5,18.4,"92.8","2357"
"Agnos, Zach",688642,2026,14.7,9.3,"7.21",".291",".488",".382",".369",".367",".197",17,10.1,41.7,"78.186330241",23.2,51.2,32.7,"93.4","2323"
"Moll, Sam",594580,2026,24.8,12.4,"3.82",".210",".346",".304",".311",".342",".136",5,6.6,30.2,"76.6914225",25.5,39.6,18.6,"91.5","2483"
"Winn, Keaton",676775,2026,21.8,7.6,"3.23",".231",".363",".253",".289",".297",".131",4,4.8,27.7,"74.919570976",24.5,49.1,26.5,"96","2330"
"Brazobán, Huascar",623211,2026,24.2,11.1,"1.82",".184",".256",".224",".248",".280",".073",2,2.1,21.4,"71.812220625",26.4,49,20.4,"95.9","2270"
"Patrick, Chad",694477,2026,20.6,9.9,"3.36",".260",".413",".312",".325",".333",".154",13,7.4,39.8,"78.857718605",26.8,50.2,27.8,"92.3","2347"
"Rogers, Tyler",643511,2026,12.7,7.6,"1.91",".241",".282",".254",".257",".300",".041",0,0,25.6,"72.252844754",14.1,48.9,9.6,"83.2","1986"
"Cease, Dylan",656302,2026,36.2,10.7,"2.75",".201",".293",".271",".270",".295",".092",8,4.8,34.7,"73.336534762",36.5,46.2,18.8,"97.4","2463"
"Garcia, Rico",670329,2026,29.6,8.8,"2.70",".206",".362",".230",".278",".276",".156",7,9.1,32.5,"74.79743359",36.4,48.2,23.4,"95.3","2518"
"Sheehan, Emmet",686218,2026,26.2,6.9,"5.32",".236",".416",".348",".313",".300",".179",20,10.5,39.5,"78.195385895",30.4,50.5,28.9,"94.5","2432"
"Phillips, Connor",683175,2026,21.1,21.1,"5.53",".240",".407",".347",".378",".418",".168",7,9.5,40.5,"79.799812703",26.8,40.3,37.8,"98.3","2484"
"Strider, Spencer",675911,2026,27.9,12.1,"5.31",".188",".359",".355",".291",".291",".171",11,11.2,36.7,"79.165809184",30.7,46.6,37.8,"95.1","2338"
"Avila, Luinder",679883,2026,21,14.5,"5.06",".219",".358",".356",".318",".340",".139",8,6.8,31.9,"75.99529678",25,41.2,29.4,"96.3","2456"
"Brogdon, Connor",641401,2026,20.9,4.5,"5.28",".259",".515",".336",".345",".293",".256",7,14,44,"82.188572083",26.7,49.1,36,"93.3","2338"
"Early, Connelly",813349,2026,22.5,8.8,"3.64",".234",".418",".325",".326",".321",".184",25,10.8,41.4,"80.532742655",23,46.3,31.5,"93.4","2272"
"Sterner, Justin",686993,2026,23.6,6.1,"3.96",".204",".323",".300",".251",".253",".119",7,6.8,44.2,"79.524036735",30.4,53.1,31.7,"91.2","2462"
"Bello, Brayan",678394,2026,15.6,8.5,"6.34",".307",".513",".370",".377",".365",".206",21,9.9,44.1,"79.303582762",24.5,49.6,23.5,"92.9","2093"
"Freeland, Kyle",607536,2026,18.3,5.1,"7.50",".299",".508",".398",".368",".345",".208",28,11.2,44.2,"79.977864677",22.2,51.7,31.5,"89.8","2379"
"Thornton, Trent",663423,2026,12,10.8,"3.00",".274",".505",".303",".372",".363",".232",6,9.5,47.6,"81.283059355",22.8,47.9,23.8,"93.2","2485"
"Hill, Tim",657612,2026,12.4,5,"4.34",".265",".407",".295",".320",".324",".142",4,4.2,43.8,"77.131893617",12.7,53.9,11.5,"88.4","2073"
"Suárez, Albert",544150,2026,15.5,9.2,"4.01",".262",".451",".343",".342",".330",".189",11,10.3,38.3,"80.135915",24.4,49.2,29.9,"91.1","2263"
"Zerpa, Angel",672582,2026,14.5,10.9,"6.39",".328",".530",".406",".406",".403",".203",3,7.3,51.2,"80.149912",17.8,41.7,14.6,"95.6","2027"
"Ross, Joe",605452,2026,10.2,12.2,"8.71",".278",".475",".374",".368",".367",".197",4,10.5,31.6,"71.650447368",26.9,52.8,21.1,"95.3","2147"
"Ferguson, Caleb",657571,2026,22.2,9.3,"1.42",".255",".321",".278",".285",".327",".065",1,2.9,33.3,"73.206223889",20.2,45.4,13.9,"90.8","2430"
"Abreu, Bryan",650556,2026,27.5,20,"6.39",".212",".397",".395",".359",".391",".185",6,10,53.3,"83.773767241",33.3,38.3,30,"94.7","2184"
"Cruz, Steven",674444,2026,28.8,12.5,"6.26",".249",".433",".379",".335",".343",".185",8,13.1,34.4,"78.37647931",32.3,49.6,23,"96.7","2210"
"Assad, Javier",665871,2026,15.5,5.7,"4.04",".268",".439",".293",".329",".315",".172",12,7.9,49,"80.064026",14,44.8,29.1,"92","2079"
"Quintana, Jose",500779,2026,11,9.4,"5.27",".275",".441",".364",".343",".344",".166",12,8.4,32.9,"78.148649286",21.1,47,30.8,"89.8","2136"
"Kikuchi, Yusei",579328,2026,23.2,9.9,"5.81",".258",".446",".347",".340",".335",".187",8,8.5,42.6,"78.667213404",25.9,48.3,24.5,"94.1","2272"
"Burke, Brock",656271,2026,19.6,14.7,"2.89",".247",".416",".302",".339",".366",".170",11,11,33,"77.9049634",27.5,44,30.2,"95.7","2305"
"Johnson, Ryan",696270,2026,16.5,9.9,"8.84",".257",".429",".385",".332",".330",".172",5,7.5,41.8,"78.972234706",25.4,53,34.3,"91","2347"
"Rasmussen, Drew",656876,2026,26.8,4.5,"2.62",".234",".357",".239",".276",".272",".123",15,6.6,33.6,"75.33493964",25.2,49.4,20.8,"93.5","2552"
"Sale, Chris",519242,2026,28.9,6.1,"2.14",".236",".348",".267",".291",".302",".112",12,5.6,32.2,"76.046945981",29.5,49,23.8,"95.8","2288"
"Treinen, Blake",595014,2026,25,10,"3.52",".261",".475",".313",".348",".344",".214",8,12.7,42.2,"75.523227667",25.7,47.9,26.6,"94.3","2311"
"Quantrill, Cal",615698,2026,14.9,7.5,"3.73",".277",".484",".319",".359",".350",".207",11,11,40,"76.314822",19.5,46.2,27,"91.6","2184"
"Rock, Joe",697812,2026,22.6,20.8,"3.48",".267",".402",".365",".390",".447",".135",1,3.6,57.1,"87.123432143",27.4,43.1,32.1,"93.4","2350"
"Hoffman, Jeff",656546,2026,35.4,8.7,"4.84",".209",".319",".335",".276",".301",".110",6,7.1,27.9,"76.047090714",38.6,50.1,16.3,"96.7","2532"
"Dobbins, Hunter",690928,2026,26,9.6,"3.63",".276",".482",".338",".358",".345",".206",7,14.9,53.2,"81.287466667",23.8,48,17,"95.9","2296"
"Enns, Dietrich",608650,2026,18.6,15.7,"3.94",".212",".336",".307",".301",".331",".124",3,6.5,39.1,"83.083950455",23.1,46,34.8,"92.6","2170"
"Leiter, Jack",683004,2026,23.4,9.9,"5.29",".257",".430",".341",".337",".338",".173",24,10.3,39.9,"76.339515",25.4,47.9,31.3,"95.9","2433"
"Matsui, Yuki",673513,2026,29,12.1,"1.67",".180",".375",".279",".295",".288",".195",7,11.5,33.9,"77.089108966",39.6,49.4,33.9,"91.8","2398"
"Alvarez, Andrew",674841,2026,27,8.8,"3.34",".270",".394",".322",".322",".334",".124",5,5.7,46.6,"80.606057273",28.2,45.9,10.2,"92.1","2292"
"Gausman, Kevin",592332,2026,24.3,5.5,"4.04",".235",".387",".296",".293",".280",".152",20,7.8,36.3,"76.030161508",28.1,50.3,25,"93.9","2261"
"Abbott, Andrew",671096,2026,17.5,10.7,"3.83",".267",".426",".321",".340",".347",".159",18,7.2,39,"79.698820081",22.3,46,25.3,"92.6","2346"
"Scott, Christian",681035,2026,26.4,10.7,"3.10",".246",".384",".320",".328",".348",".138",6,5.6,31.8,"77.045173077",23,47.9,28,"93.7","2322"
"Castaño, Blas",680604,2026,20,7.1,"3.92",".288",".502",".377",".368",".353",".214",6,10.2,50,"84.444405667",19.7,45.8,30,"93.3","2220"
"Thielbar, Caleb",573204,2026,28.1,11.2,"4.71",".217",".449",".307",".324",".307",".232",7,13.2,35.2,"75.177501538",28.5,51.7,40.7,"93.2","2314"
"Cruz, Fernando",518585,2026,31.9,13.9,"2.08",".168",".271",".270",".263",".295",".103",4,5.3,22.4,"74.428638919",41.7,43.5,38.2,"93.2","2225"
"Herget, Jimmy",623474,2026,28,6.1,"4.19",".225",".406",".329",".302",".285",".181",6,11.3,45.3,"78.863436154",31.2,50.4,34,"91.3","2440"
"Davis, Tyler",699823,2026,20.8,13.5,"4.63",".222",".326",".266",".286",".323",".104",3,4.8,41.3,"81.050033125",23,49.6,23.8,"96.2","2421"
"Kerkering, Orion",689147,2026,26.4,10.9,"3.03",".178",".284",".294",".265",".288",".106",5,6.4,24.4,"70.600565526",26.1,42.8,33.3,"97","2322"
"Lee, Dylan",669276,2026,33.3,4,"1.04",".179",".260",".180",".214",".214",".081",3,3.8,31.6,"76.752494103",38,53.9,30.4,"93.3","2386"
"Leiter Jr., Mark",643410,2026,24.4,7.9,"4.85",".278",".382",".308",".318",".340",".104",3,3.5,30.6,"76.103073953",27.6,46.8,24.7,"91.8","2019"
"Glasnow, Tyler",607192,2026,33.1,8.8,"2.72",".180",".324",".235",".252",".251",".144",7,8.1,38.4,"81.822428372",29.8,43.1,25.6,"95.5","2513"
"Matthews, Zebby",805673,2026,19.1,5.4,"4.56",".243",".441",".328",".315",".290",".198",17,11.2,37.5,"80.318521447",23,46.7,33.6,"94","2331"
"Holderman, Colin",670059,2026,29.4,8.3,"1.59",".200",".338",".201",".282",".289",".138",7,10.9,47.7,"75.288840625",28.7,44.4,21.5,"96.9","2260"
"Cantillo, Joey",676282,2026,22.4,10.9,"4.05",".239",".396",".332",".319",".324",".157",20,8.8,36.7,"76.121005089",27.5,45.6,32.3,"91.5","1865"
"Henderson, Logan",701656,2026,33.3,6.7,"2.74",".218",".343",".271",".270",".270",".125",5,9.3,29.6,"76.326020741",28.7,57.1,33.3,"91.4","2380"
"Mayza, Tim",641835,2026,25.5,5.1,"3.15",".232",".359",".270",".276",".277",".127",5,5.3,43.6,"76.779281739",24,45.1,21.3,"94.3","2067"
"Woodruff, Brandon",605540,2026,25,5,"3.00",".212",".364",".243",".268",".257",".152",7,7.2,34,"81.660841875",23.3,51.2,41.2,"91.6","2345"
"Vesia, Alex",681911,2026,33.9,14.7,"2.39",".173",".244",".211",".253",".295",".071",2,3.6,35.7,"77.502723214",38.2,46.4,41.1,"91.7","2477"
"Wells, Tyler",669330,2026,26.9,6.2,"3.25",".233",".398",".293",".298",".285",".165",6,6.3,37.5,"78.680956809",29.9,51.8,29.2,"91.9","2435"
"Tidwell, Blade",694918,2026,21.3,6.4,"3.00",".242",".352",".283",".295",".306",".111",2,6.1,36.4,"75.297002353",31,47.8,15.2,"96","2232"
"Adams, Travis",701519,2026,31.1,10,"6.75",".232",".401",".353",".314",".309",".170",5,9.4,30.2,"74.6396352",31.3,49.7,22.6,"92.8","2451"
"Minter, A.J.",621345,2026,22,2.4,"0.00",".200",".343",".126",".242",".220",".142",2,6.5,32.3,"77.8028875",26.6,51.6,35.5,"90","2480"
"Bachman, Sam",696147,2026,24.7,11.3,"3.44",".202",".310",".294",".282",".305",".108",6,6.5,33,"76.53702587",32.9,44.5,25.5,"98.7","2361"
"Wilcox, Cole",677961,2026,21.4,17.1,"5.40",".313",".487",".380",".408",".448",".174",5,12.5,46.3,"80.245552",30,48.1,17.1,"96.5","2071"
"Raley, Brooks",548384,2026,24.4,10.2,"2.48",".230",".359",".305",".307",".328",".129",5,6.3,31.3,"76.130092308",23.6,46,23.8,"88.1","2502"
"Meyer, Max",676974,2026,27.1,9,"2.80",".227",".378",".282",".306",".310",".151",20,8.6,42.3,"78.808718621",29.4,47.5,28.2,"94.6","2557"
"Skubal, Tarik",669373,2026,28.2,3.4,"3.32",".257",".383",".286",".293",".288",".126",12,7.6,41.1,"78.139462078",30,52.7,23.4,"96.8","2286"
"Baker, Bryan",641329,2026,28.5,8.9,"2.01",".185",".288",".229",".256",".268",".102",5,6.6,32.9,"74.564347105",32.1,52.1,22.4,"97","2325"
"Fried, Max",608331,2026,20.8,7.9,"3.21",".205",".269",".241",".253",".279",".064",3,1.8,30.8,"74.389795904",23.2,44.7,23.7,"93.2","2172"
"Junk, Janson",676083,2026,16.9,5.1,"4.80",".256",".411",".327",".310",".298",".154",13,6.6,41.6,"79.102345833",18,49.5,23.9,"94.2","2304"
"Bubic, Kris",663460,2026,24.6,12.6,"4.11",".240",".395",".287",".328",".340",".155",10,7.8,39.5,"79.03376375",26.1,46.9,27.9,"91.6","2364"
"Crow, Coleman",689441,2026,11.8,7.1,"5.30",".269",".448",".340",".340",".334",".179",5,7.4,36.8,"79.119521471",16.3,51.9,26.5,"89.3","2709"
"Duran, Jhoan",661395,2026,42.2,4.9,"1.69",".198",".277",".231",".230",".237",".079",3,5.6,50,"82.605974444",41.4,53,14.8,"100.2","2064"
"Roberts, Ethan",681799,2026,17.3,11.2,"3.04",".251",".363",".296",".326",".358",".112",2,3,44.8,"82.380635",23.6,43.7,20.9,"93.1","2703"
"Lambert, Peter",663567,2026,22.5,9.8,"3.28",".211",".346",".286",".293",".303",".135",12,6.4,38.8,"77.89906883",25.1,47.9,33,"93.5","2277"
"Bibee, Tanner",676440,2026,21,7.5,"3.78",".261",".445",".302",".333",".320",".184",26,9.6,44.3,"80.192072667",26.4,46.9,28.6,"91.1","2329"
"Ashcraft, Graham",668933,2026,29.4,14.7,"3.33",".197",".307",".279",".287",".322",".110",4,7.3,36.1,"79.172392143",32.4,45.3,23,"98","2558"
"Brown, Hunter",686613,2026,34.6,13.6,"1.40",".149",".222",".264",".247",".285",".073",2,5,32.5,"73.0787275",26.7,40.9,22.5,"95.7","2243"
"Anderson, Drew",623454,2026,30,9.5,"4.04",".195",".318",".314",".271",".281",".123",10,8.1,40.8,"80.876915246",29.5,49.6,24.8,"95.5","2284"
"Collyer, Gavin",686560,2026,19.7,18.4,"3.71",".197",".283",".309",".327",".397",".087",1,2.4,26.2,"77.165199048",25.2,35.5,19,"93.6","2551"
"Medina, Luis",665622,2026,26.1,10.8,"4.29",".237",".406",".333",".320",".324",".169",8,8.4,38.8,"81.428025745",31.1,42.2,33.7,"97","2400"
"Eovaldi, Nathan",543135,2026,23.7,5.7,"4.24",".251",".426",".320",".320",".306",".175",23,8.6,39.2,"77.007098358",29.7,52.4,24.6,"92.3","2205"
"Alcantara, Sandy",645261,2026,17.6,5.9,"4.01",".260",".374",".309",".305",".313",".114",20,5.8,35.4,"77.029083176",21.4,52,24.1,"95.6","2269"
"Sasaki, Roki",808963,2026,24.1,8.6,"4.76",".244",".416",".334",".323",".320",".172",20,10.4,44.8,"79.569225789",29.2,50.4,27.6,"97.5","2222"
"Cameron, Noah",702070,2026,21.5,6.3,"4.50",".268",".436",".317",".326",".317",".168",21,8.4,38.4,"77.21293935",23.7,48,24.4,"91.3","2342"
"Loáisiga, Jonathan",642528,2026,15.4,6,"2.73",".240",".361",".257",".288",".293",".122",4,4.4,34.1,"74.257995909",20.7,51.6,20.9,"97.3","2347"
"Holmes, Clay",605280,2026,20.9,8.4,"2.39",".251",".366",".259",".306",".320",".115",8,5.3,44,"79.412858533",21.9,47.3,22,"93.1","2186"
"Thompson, Keegan",624522,2026,19.3,3.5,"8.25",".343",".623",".407",".407",".355",".280",6,13.6,50,"83.929022727",21.6,49.7,34.1,"91","2541"
"Ray, Robbie",592662,2026,21.9,11.5,"3.70",".237",".444",".311",".337",".326",".207",26,10.7,37.7,"78.367108235",25.5,47.8,37.3,"93.2","2320"
"Imanaga, Shota",684007,2026,23.8,6.2,"4.40",".223",".409",".307",".299",".278",".186",28,11,37.3,"77.718887008",30.3,51.3,34.1,"91.6","2497"
"Antone, Tejay",622088,2026,22.2,6.7,"2.49",".208",".352",".246",".274",".276",".144",4,7,34.9,"79.657238889",26.9,47,27,"92.3","2661"
"Fisher, Braydon",680755,2026,24.4,11.6,"3.35",".215",".349",".284",".303",".319",".134",12,11.1,38,"76.38072963",27.6,46,27.8,"94.3","2202"
"Kilian, Caleb",668873,2026,28.3,11.6,"2.97",".221",".382",".269",".305",".317",".161",7,8.8,38.3,"77.28733725",27.2,48.2,32.1,"96.6","2390"
"Hader, Josh",623352,2026,47.1,5.9,"0.90",".072",".110",".128",".115",".127",".038",1,6.3,18.8,"64.47184625",45.2,55.3,25,"95.3","2290"
"Lorenzen, Michael",547179,2026,17.8,7.1,"7.11",".297",".480",".406",".363",".355",".182",24,8.9,47.2,"79.211778222",19.9,44.6,25.1,"92.9","2375"
"Bradish, Kyle",680694,2026,24.7,11,"3.64",".232",".381",".335",".310",".318",".149",23,9.5,38.5,"77.390898167",26.5,44.4,20.9,"94.5","2250"
"García, Luis",472610,2026,8.1,8.1,"9.00",".329",".522",".416",".397",".396",".193",3,5.2,44.3,"76.053356552",20.9,52.5,26.2,"95","2187"
"Pintaro, Jonathan",702752,2026,25,6.3,"5.11",".225",".419",".264",".320",".309",".194",3,10,35.5,"79.435114667",22.6,47,29,"92.4","2561"
"Davila, Nick",689546,2026,15.3,16.9,"2.63",".239",".318",".280",".324",".378",".079",1,2.6,25.6,"79.107881",19.4,44.8,20.5,"94.9","2049"
"deGrom, Jacob",594798,2026,29.9,5.6,"3.55",".232",".403",".276",".293",".275",".171",20,8.7,43.2,"80.970296404",34.3,52.3,29.7,"97.1","2464"
"Rea, Colin",607067,2026,17,8.1,"4.99",".277",".489",".338",".360",".345",".213",30,11.8,42.4,"79.979749841",20.5,47.1,27.8,"92.7","2173"
"Bazardo, Eduard",660825,2026,21.9,8.2,"2.04",".254",".397",".300",".318",".323",".143",8,7.9,40.6,"81.606799",22.2,44.4,28.7,"95","2197"
"Bummer, Aaron",607481,2026,16.9,13,"7.63",".264",".537",".419",".387",".367",".274",8,15.1,54.7,"85.117670385",23.1,45.9,30.2,"89.8","2052"
"Canning, Griffin",656288,2026,22.5,13.6,"7.38",".257",".434",".371",".350",".360",".178",13,10.7,52.1,"81.991638033",24.5,42.9,23.1,"93.5","2204"
"Sewald, Paul",623149,2026,29.2,7.1,"4.03",".174",".384",".263",".270",".239",".211",8,11.3,42.3,"81.372165143",28.1,50.9,50.7,"91.3","2554"
"Kelly, Merrill",518876,2026,13.1,9.3,"5.71",".304",".571",".370",".402",".373",".267",37,14.4,42.8,"78.962742344",21.3,48.4,28.4,"91.8","2337"
"Jump, Gage",695611,2026,25.7,7.4,"2.04",".225",".308",".231",".270",".291",".083",2,2.2,32.6,"78.454310889",23.6,51.8,27,"96.4","2362"
"Hancock, Emerson",676106,2026,24.2,5.7,"3.60",".258",".458",".284",".331",".308",".200",24,10.5,44.6,"80.05012513",23.2,51.5,29,"93.6","2356"
"Paredes, Mike",702474,2026,12.8,10.5,"4.05",".271",".379",".288",".333",".365",".107",2,3.2,47.6,"80.974089032",19.6,46.6,27,"91.4","2191"
"Gibson, Cade",806188,2026,20,10,"6.14",".264",".331",".368",".318",".363",".067",1,2.2,34.8,"74.104126087",17.8,44.2,17.4,"92.1","2334"
"Barco, Hunter",682995,2026,13.3,15,"7.71",".289",".471",".414",".390",".417",".182",3,7.5,43.9,"77.591939",15.2,39.7,22,"94.1","2245"
"Scott, Tanner",656945,2026,33.1,2.5,"2.18",".215",".345",".210",".251",".235",".130",6,7.7,26.9,"79.308052632",34,56.4,35.9,"96.6","2546"
"Nola, Aaron",605400,2026,23.2,7.6,"5.58",".250",".433",".362",".322",".308",".183",23,9.4,40.2,"76.639183802",24.5,45.3,27.9,"91","2300"
"Romero, JoJo",668941,2026,23.6,8.3,"3.97",".266",".440",".323",".342",".344",".174",8,8.5,47.4,"82.372096522",23.1,38.8,22.1,"93.9","2189"
"Shugart, Chase",663767,2026,26.1,8.1,"3.38",".233",".421",".323",".321",".316",".188",7,10,38.6,"75.534605143",21.8,39,31.4,"93.7","2227"
"Kuhnel, Joel",669270,2026,14.3,7.1,"4.18",".287",".423",".349",".344",".353",".136",6,5.7,39.3,"77.778444151",23.2,47.7,16.8,"93.4","2344"
"Dreyer, Jack",676263,2026,28.5,5.7,"3.82",".224",".385",".295",".289",".275",".161",7,8.8,40,"78.059840256",27.5,47.7,30,"93.5","2463"
"Englert, Mason",669438,2026,17.3,5.5,"3.96",".280",".506",".351",".349",".327",".226",9,11.1,38.3,"78.71082375",22.3,55,32.1,"91.3","2231"
"Vest, Will",676684,2026,22.9,9.2,"5.61",".231",".356",".312",".301",".315",".125",4,5.6,36.1,"78.769656286",27.6,47.4,20.8,"95.7","2233"
"Palencia, Daniel",694037,2026,26.8,8.5,"2.70",".244",".386",".310",".300",".308",".143",3,6.5,30.4,"80.245551739",29.6,52.6,23.9,"99.5","2353"
"Cabrera, Edward",665795,2026,21,9.4,"5.10",".263",".437",".341",".338",".335",".174",25,11.8,42.7,"81.039332762",26.4,48.1,23.5,"96.3","2237"
"Chapman, Aroldis",547973,2026,32.2,10,"2.08",".184",".287",".265",".258",".275",".103",5,9.8,41.2,"75.731674167",30.4,50.3,29.4,"97.4","2450"
"Clarke, Taylor",664199,2026,15.3,6.1,"2.10",".238",".399",".228",".308",".306",".161",8,8,30,"74.6963548",22.7,45.9,21,"94.6","2195"
"Barnett, Mason",686930,2026,33.3,13,"1.32",".197",".304",".233",".270",".301",".107",2,6.9,27.6,"79.226824",23.2,47.3,41.4,"95","2298"
"Sands, Cole",663485,2026,22,8,"4.63",".254",".449",".345",".326",".310",".196",3,8.6,51.4,"86.477615294",24.4,47.5,31.4,"91","2282"
"Newcomb, Sean",656794,2026,24.5,6.4,"2.44",".247",".350",".250",".295",".315",".103",6,4.8,35.2,"75.120493226",24.9,45.4,16.8,"93.9","2283"
"Mahle, Tyler",641816,2026,22.8,9.7,"5.49",".250",".418",".351",".324",".321",".168",16,8.9,37.6,"79.602986404",20.2,43.9,29.3,"91.4","2356"
"Rodriguez, Bradgley",699134,2026,22.2,8.3,"2.10",".198",".279",".267",".243",".265",".081",3,3,32,"76.475971837",29.5,51.2,17,"97.9","2321"
"Ober, Bailey",641927,2026,16.4,6.4,"4.59",".245",".446",".323",".323",".299",".201",21,9.8,32.7,"76.836262358",19.6,48.8,31.3,"88.5","2275"
"McLean, Nolan",690997,2026,28.5,9.1,"4.03",".211",".333",".292",".290",".307",".122",15,6.8,36.2,"74.854941193",25.5,43,22.2,"94.8","2292"
"Suarez, Ranger",624133,2026,24.9,7.4,"2.83",".234",".333",".272",".282",".297",".099",12,5.3,31,"75.290581327",24,46,23.5,"90.1","2055"
"Cole, Gerrit",543037,2026,21.3,6.6,"3.62",".226",".347",".311",".281",".287",".122",6,6.8,35.2,"80.833279091",18.6,47.6,32.6,"96.5","2332"
"Rocker, Kumar",677958,2026,20.2,9.3,"4.14",".267",".425",".317",".335",".339",".159",17,7.6,43.3,"78.192251171",24.8,47.3,20.5,"93.4","2159"
"Civale, Aaron",650644,2026,16.2,6.7,"4.88",".281",".486",".383",".354",".335",".206",22,10.2,47.2,"81.055415556",20.1,46,34.3,"89.2","2492"
"Gray, Peyton",682608,2026,25,6.3,"3.42",".233",".363",".263",".287",".294",".130",6,8.1,36,"77.00685",25.6,49.5,26.7,"92.5","2324"
"Blubaugh, AJ",805123,2026,21.3,13.7,"3.81",".223",".376",".294",".326",".339",".153",11,8.1,34.6,"79.374817231",28.1,47,34.6,"94.9","2267"
"Young, Brandon",687064,2026,17.1,8.7,"3.07",".255",".405",".289",".321",".323",".151",14,6.6,41.7,"77.745465524",21.6,49,25.1,"94","2149"
"Hill, Jaden",677955,2026,22,13.4,"5.06",".235",".353",".339",".316",".355",".118",3,3.8,39.7,"79.815026667",30.4,47.8,24.4,"97.3","2398"
"Beeks, Jalen",656222,2026,18.6,7.1,"3.81",".282",".522",".352",".363",".333",".240",9,10.7,42.9,"79.2264155",23.4,47.2,27.4,"91.6","2191"
"Taillon, Jameson",592791,2026,20.6,8,"5.19",".253",".518",".353",".357",".318",".266",29,14.3,38.4,"76.821822574",26.4,46.6,37.9,"89.9","2391"
"Lowder, Rhett",695076,2026,18.5,11.2,"4.81",".270",".463",".331",".362",".363",".193",18,10.4,40.2,"80.957720575",20.9,42.6,26.8,"92.8","2269"
"Williamson, Brandon",682227,2026,14.8,15.6,"6.11",".276",".486",".361",".389",".404",".211",9,10.5,41.9,"76.389119535",24.1,43.2,32.6,"90.7","2281"
"Webb, Logan",657277,2026,20.8,5.9,"3.35",".251",".367",".280",".297",".305",".116",13,5.4,43,"78.290542",20.6,47.8,19.4,"91.9","2056"
"Burns, Chase",695505,2026,30,8.5,"2.00",".199",".334",".271",".269",".269",".135",17,8.5,36.1,"78.188823232",33.2,49.7,26,"97.9","2598"
"Misiorowski, Jacob",694819,2026,39.1,6.5,"1.45",".175",".242",".196",".224",".245",".067",4,2.2,31.9,"76.759267609",38,49.6,22.2,"99.7","2606"
"Funderburk, Kody",681892,2026,12.2,19.5,"3.44",".240",".337",".296",".350",".409",".097",2,3.7,27.8,"75.795096",16.7,38.8,16.7,"92","2331"
"Farris, Mitch",815083,2026,23,11.9,"3.45",".245",".391",".365",".328",".344",".146",5,6.2,38.3,"76.224007317",29.6,43.4,26.4,"91","2163"
"Hoffmann, Andrew",694851,2026,20.3,13.6,"7.71",".243",".399",".434",".336",".356",".156",3,8.1,43.2,"78.079481111",19.1,38.7,29.7,"94.5","2275"
"Lugo, Seth",607625,2026,18.5,7.8,"3.69",".277",".479",".329",".351",".335",".202",27,10.3,42.4,"80.177534264",17.9,47.4,31.3,"91.1","2322"
"Chandler, Bubba",696149,2026,21.1,13.1,"4.62",".222",".381",".314",".318",".333",".159",16,7.6,34.8,"79.075226635",24.6,48.3,30.5,"98.3","2393"
"Mejia, Juan",675848,2026,22.6,12.2,"6.75",".249",".375",".347",".322",".350",".126",4,3.8,38.1,"78.226306346",28.3,49.8,27.6,"97.2","2466"
"Peralta, Freddy",642547,2026,22.1,9,"4.83",".237",".371",".332",".306",".315",".134",14,5.5,39.6,"76.328935952",26.7,46.9,25.1,"93.9","2413"
"Lange, Alex",656638,2026,23.8,12.6,"3.86",".229",".389",".321",".329",".345",".160",12,13,42.4,"80.507902609",28.8,45.5,28.3,"94.7","2217"
"Varland, Louis",686973,2026,35.4,7.3,"0.84",".184",".245",".217",".220",".243",".061",3,3.2,35.1,"74.855279362",28.7,51.6,19.1,"98.4","2253"
"Mikolas, Miles",571945,2026,13.5,5.2,"5.24",".270",".481",".335",".337",".305",".212",25,9.5,40.6,"78.227533846",15,47,27.1,"93.2","2179"
"Hurter, Brant",676428,2026,17.8,11.9,"2.84",".235",".332",".251",".304",".339",".097",3,4.3,32.9,"76.424190294",20.5,43.3,10,"92.2","2058"
"King, Michael",650633,2026,20.8,9.3,"3.33",".254",".423",".293",".335",".336",".169",24,9.4,36.5,"76.33436888",25.5,45.5,23.1,"93.2","2282"
"Aldegheri, Sam",691951,2026,14.3,10.7,"5.47",".258",".426",".342",".341",".344",".168",7,8.4,34.9,"75.294348537",19.6,46.3,33.7,"90.9","2196"
"Dion, Will",702021,2026,23.6,5.5,"5.56",".288",".373",".406",".318",".340",".085",0,0,23.7,"75.726640526",21.3,49.2,21.1,"90.4","2359"
"Walker, Taijuan",592836,2026,14.8,9.6,"9.13",".312",".582",".455",".411",".383",".270",11,12.9,36,"76.121606047",16.8,45,33.7,"89.8","2144"
"Martin, Davis",663436,2026,24.3,6.4,"3.18",".259",".381",".299",".307",".315",".122",14,5.9,45.4,"78.942576496",27.6,49.2,20.9,"92.7","2439"
"Messick, Parker",800048,2026,27.2,7.8,"2.67",".228",".348",".270",".282",".290",".120",15,6.2,35.3,"76.524671441",28.1,48.3,22.8,"93","2110"
"Seabold, Connor",657756,2026,18.3,7.7,"4.84",".242",".343",".345",".291",".309",".101",4,5.4,36,"75.656023243",20.6,48.2,29.3,"92.6","2201"
"Morgan, David",688158,2026,24,13,"4.29",".216",".275",".373",".288",".343",".059",1,1.7,28.3,"74.869053103",31.6,49.9,15,"96.9","2332"
"Williams, Gavin",668909,2026,28.5,8,"3.82",".247",".449",".306",".330",".312",".203",31,13,49,"80.990149748",30.5,48.1,23.3,"95.8","2185"
"Prielipp, Connor",687570,2026,22.3,9.3,"5.17",".239",".414",".331",".323",".320",".174",16,9.8,40,"80.814947778",21.1,46.4,26.1,"95.2","2274"
"Hicks, Jordan",663855,2026,17,19.3,"5.60",".250",".324",".383",".329",".402",".074",1,1.9,34.5,"80.996925",17.6,38.5,27.3,"98.4","1878"
"Schultz, Noah",702273,2026,19.6,13.1,"5.82",".254",".440",".328",".359",".371",".186",12,11.1,38.5,"78.201293208",21.6,40.5,25.7,"93.7","2540"
"Jax, Griffin",643377,2026,23.5,8.8,"3.33",".276",".474",".323",".353",".343",".198",16,10.5,40.8,"76.494129333",31,47.9,23,"95.5","2533"
"Elder, Bryce",693821,2026,19.8,7.3,"3.71",".241",".360",".291",".292",".300",".118",12,4.2,39.6,"79.785307113",22.5,46.9,25.3,"91.2","2161"
"Black, Mason",696131,2026,18.3,13.4,"3.57",".291",".527",".370",".408",".408",".236",8,14.8,53.7,"83.693483704",23.2,42.6,33.3,"93.7","2164"
"Sisk, Evan",681895,2026,30.4,8,"1.85",".184",".275",".292",".251",".272",".091",3,3.7,29.6,"72.6127975",26.7,43.5,17.3,"91.3","1993"
"Imai, Tatsuya",837227,2026,26.5,13.3,"6.15",".229",".383",".330",".330",".349",".154",9,8.6,44.8,"81.206261154",32,43.4,21.9,"94.9","2020"
"Lauer, Eric",641778,2026,15.5,8.9,"4.87",".263",".496",".332",".355",".330",".234",25,12.3,38.4,"77.854053",18.8,49.9,39.9,"89.7","2212"
"Kochanowicz, Jack",686799,2026,15.9,12.2,"6.19",".272",".439",".332",".359",".373",".167",15,7.4,42.8,"77.89732901",23.6,45.2,19.7,"95.9","2192"
"Lovelady, Richard",663992,2026,18.6,14.5,"3.90",".285",".425",".374",".363",".407",".141",6,6.5,33,"75.378772222",22.8,44.5,21.3,"91.3","2313"
"Scholtens, Jesse",669947,2026,18.3,6.7,"3.82",".271",".466",".338",".346",".333",".195",13,10.8,37.5,"77.164814407",19.3,49.1,26.7,"92.5","2201"
"Weathers, Ryan",677960,2026,26.9,6.8,"3.95",".251",".459",".303",".329",".305",".207",27,11.7,42.5,"77.528148783",26.4,44.9,27,"95.1","2325"
"Gilbert, Logan",669302,2026,27.2,6,"3.29",".239",".414",".292",".309",".295",".175",28,11.6,44.8,"80.419776667",30.2,49.5,30.3,"94.8","2193"
"Littell, Zack",641793,2026,14,7,"5.40",".296",".547",".361",".387",".350",".252",29,11.3,46.7,"83.471739213",15.5,49.5,35.8,"91.5","1999"
"Smith, Burch",572143,2026,27.4,9.6,"3.18",".217",".347",".354",".287",".294",".130",2,4.4,47.8,"79.596606364",22.7,46,26.1,"91.8","2353"
"Senzatela, Antonio",622608,2026,21.2,7.9,"2.13",".228",".339",".255",".279",".293",".110",7,6,40.5,"76.37306931",26,49,29.3,"95.1","2283"
"Estrada, Jeremiah",669093,2026,28,12.2,"3.48",".213",".342",".267",".295",".310",".129",4,8.2,32.7,"72.520920417",33.3,47.5,32.7,"95.8","2123"
"Sulser, Cole",642121,2026,23.2,8.5,"5.40",".263",".489",".348",".343",".325",".226",12,12.5,39.2,"73.619095319",26.1,48.9,28.9,"91","2379"
"Warren, Austin",681810,2026,25.2,10.2,"2.67",".258",".418",".310",".332",".339",".160",10,12.7,40.7,"79.38401525",28,41.4,24.7,"93.8","2336"
"Winn, Cole",668390,2026,23.6,8.2,"6.38",".280",".445",".348",".346",".349",".164",4,5.4,45.9,"76.340355405",26.9,53.4,32.4,"93.1","2440"
"Hernández, Jonathan",642546,2026,19.1,13.2,"6.46",".264",".448",".337",".352",".363",".185",4,8.9,32.6,"78.924196522",18.9,42.5,28.3,"97","2287"
"Blackburn, Paul",621112,2026,17,8.2,"2.78",".255",".379",".296",".310",".321",".124",7,6.4,35.8,"75.298459259",19.5,46.9,22,"92.9","2257"
"Ashby, Aaron",676879,2026,32.7,10.9,"3.04",".202",".291",".294",".267",".296",".088",5,4.5,40.2,"74.756810536",33,40.6,18.8,"97.5","2118"
"Soriano, José",667755,2026,25.4,12,"3.41",".239",".391",".301",".326",".337",".153",23,9.3,37.9,"77.293325691",33.3,46,23.8,"96.9","2063"
"Alvarado, Elvis",665660,2026,30.5,8.5,"6.20",".212",".519",".353",".338",".279",".307",10,20,52,"82.1215952",32.6,53.6,52,"98.4","2451"
"Peguero, Joel",666711,2026,10.4,8.3,"2.38",".193",".248",".298",".256",".293",".055",0,0,24.3,"74.951455789",18.1,55.6,21.6,"99.6","2255"
"Pagán, Emilio",641941,2026,17.7,9.7,"6.43",".239",".489",".361",".341",".323",".250",5,11.4,56.8,"82.670711364",25.4,49.8,38.6,"92.1","2502"
"Latz, Jacob",656641,2026,28.4,6,"1.46",".175",".307",".172",".238",".228",".132",6,6.8,39.8,"78.308373636",29.8,50,28.4,"94.5","2310"
"Bolton, Cody",675989,2026,23.2,14.7,"5.40",".276",".472",".372",".380",".392",".196",6,10.3,48.3,"80.021337143",19.6,41.7,29.3,"93.3","2404"
"Soroka, Michael",647336,2026,23.7,5.1,"3.07",".249",".408",".285",".309",".299",".159",20,8.6,34.1,"76.524469478",22.2,49.6,28,"92.6","2507"
"Montgomery, Mason",682254,2026,30.5,11.5,"4.55",".230",".360",".317",".305",".318",".131",7,9.2,42.1,"73.673492105",30.6,49.9,19.7,"98.1","2221"
"Johnson, Pierce",572955,2026,23.4,8.5,"3.18",".284",".525",".307",".373",".344",".242",9,14.5,35.9,"81.167586774",24.6,44.7,32.8,"95.1","2315"
"Mattson, Isaac",676755,2026,19,12,"3.91",".287",".487",".304",".375",".377",".201",8,11.8,48.5,"80.758643939",21.5,48.4,35.3,"93.8","2338"
"Maton, Phil",664208,2026,23.6,12.2,"6.04",".276",".462",".391",".377",".390",".186",9,12,44,"77.021731892",26.3,45.6,18.7,"89.7","2473"
"McCullers Jr., Lance",621121,2026,25,12.8,"6.86",".238",".391",".370",".329",".345",".153",9,8.6,50.5,"81.761873585",27.8,41.8,26.7,"90.3","2208"
"Valdez, Framber",664285,2026,19.2,8.7,"3.91",".251",".402",".312",".324",".331",".151",20,7.4,42.7,"79.901729111",21.7,46.6,24.1,"94","2177"
"Peralta, Wandy",593974,2026,15.9,11,"1.82",".253",".369",".297",".318",".344",".116",5,4.2,33.9,"76.998535932",22.3,50.8,18.6,"96.2","2086"
"McClanahan, Shane",663556,2026,23.4,9,"3.30",".247",".413",".285",".322",".320",".166",20,9.6,41.8,"79.5853276",27.1,48.6,26.4,"95.6","2215"
"Yesavage, Trey",702056,2026,23.3,12,"3.56",".187",".297",".285",".269",".288",".110",7,4.4,35,"78.035702949",29.2,48.5,25.6,"94.3","2271"
"Ryan, Joe",657746,2026,28.5,5,"3.18",".215",".367",".271",".279",".265",".153",26,10.5,43.3,"78.815439187",25.9,50,28.7,"93.3","2262"
"Bruihl, Justin",677865,2026,15.6,8.8,"4.15",".271",".379",".336",".334",".361",".108",5,4.3,41.7,"76.268408947",19.3,44.9,15.7,"90.5","2190"
"Cavalli, Cade",676917,2026,23.5,8,"4.07",".257",".396",".331",".329",".341",".139",17,7.5,39.9,"78.408441964",23.8,46.2,22.8,"96.4","2247"
"Kelly, Kevin",687330,2026,20.7,5.2,"2.52",".271",".397",".246",".314",".321",".126",8,8.3,48,"80.266577292",19.1,46.7,14.3,"91.5","2048"
"Sugano, Tomoyuki",608372,2026,13.7,6.6,"4.31",".309",".561",".341",".397",".360",".252",38,14.3,45.3,"79.695694436",17.6,46,31.7,"91.5","2386"
"Buehler, Walker",621111,2026,21.1,7.5,"3.96",".271",".410",".306",".325",".332",".139",16,7.4,42.4,"81.094959083",20,45.4,18.9,"92.5","2222"
"Schreiber, John",670167,2026,19.2,9.6,"2.56",".257",".430",".298",".322",".332",".173",6,6.9,38.6,"78.354223488",20.9,43.6,22.7,"92.4","2320"
"Cano, Yennier",666974,2026,26,5.8,"2.03",".212",".357",".206",".280",".271",".145",6,8.6,44.3,"77.630481429",29.8,46.2,17.1,"94.8","2058"
"Armstrong, Shawn",542888,2026,25.3,12.6,"3.13",".200",".356",".285",".296",".311",".156",4,6.9,39.7,"79.820394286",26.2,49,29.3,"92.5","2240"
"Baz, Shane",669358,2026,19.9,8.6,"4.31",".264",".422",".327",".330",".333",".158",23,8,40.6,"79.871423007",21.4,47.9,25.7,"94","2372"
"Martin, Trevor",694680,2026,12,8,"4.35",".284",".572",".425",".403",".369",".289",5,13.2,50,"82.451703684",22.5,48.2,36.8,"92.8","2214"
"Miller, Mason",695243,2026,51.2,10.1,"0.79",".111",".143",".167",".170",".201",".032",1,2,18,"72.4772408",49.4,46.9,26,"101.3","2535"
"Bennett, Jake",687562,2026,20.8,4.7,"3.71",".210",".320",".274",".249",".252",".110",5,6.4,34.6,"74.930839474",24.9,55.9,17.9,"92.3","2098"
"King, John",667463,2026,20.8,6.2,"2.08",".213",".357",".221",".282",".285",".144",8,8.9,35.2,"79.193727333",23.2,45.5,22,"90.5","2176"
"Ferrer, José A.",678606,2026,18.5,5.5,"2.73",".222",".325",".321",".271",".282",".102",5,4.6,36.1,"73.083330943",21.3,53.2,26.9,"97.3","2129"
"Morejon, Adrian",670970,2026,29.9,4.3,"3.51",".210",".280",".244",".239",".253",".070",2,1.9,29.2,"73.005273019",35.7,52.5,12.3,"99.4","2419"
"Backhus, Kyle",679775,2026,22.7,2.3,"5.23",".229",".377",".312",".269",".247",".149",2,6.3,27.3,"76.36999375",16,44.6,18.2,"91.1","2188"
"Rogers, Taylor",573124,2026,18.2,8.8,"6.30",".274",".417",".376",".342",".345",".143",7,7.1,31.3,"77.198565106",17.9,43.4,31.3,"90.6","2188"
"Kremer, Dean",665152,2026,37.2,4.7,"4.09",".226",".496",".315",".321",".262",".270",4,16,36,"76.608467692",35.4,46.9,44,"92.5","2267"
"Herrin, Tim",682120,2026,20.3,14.4,"3.04",".188",".319",".311",".297",".332",".130",5,6.8,33.8,"75.819615135",31.9,45.8,25.7,"94","2287"
"Nardi, Andrew",677053,2026,27.3,11.1,"5.16",".241",".466",".343",".349",".334",".225",8,13.3,45,"77.222368667",30.4,47.9,31.7,"94.6","2388"
"Bernardino, Brennan",657514,2026,17.4,7.2,"3.73",".263",".391",".327",".313",".325",".128",6,6,28.7,"73.502272",22.1,48.7,22.8,"89.4","2214"
"Kittredge, Andrew",552640,2026,20.2,8.3,"6.00",".256",".394",".352",".305",".315",".138",4,6.7,36.7,"75.345461667",21.8,53.2,15,"94.7","2338"
"Bowlan, Jonathan",680742,2026,27.1,4.2,"3.80",".206",".318",".267",".253",".251",".112",3,4.6,35.4,"77.16995625",33.2,48.5,29.2,"97.3","2369"
"Williams, Devin",642207,2026,33.6,12.9,"4.62",".200",".304",".328",".277",".306",".103",4,6.5,27.4,"79.417419333",38.2,50,22.6,"93.7","2332"
"Sabrowski, Erik",681870,2026,45.6,15.6,"2.86",".150",".265",".237",".263",".286",".116",4,11.4,42.9,"87.803555",35.7,46.5,34.3,"94.1","2540"
"Hurt, Kyle",669165,2026,30.8,10.3,"3.42",".200",".305",".271",".267",".290",".106",3,4.8,35.5,"77.14081871",37,53.3,22.6,"96.4","2088"
"Topa, Justin",623437,2026,13,12,"8.05",".291",".491",".416",".376",".380",".200",6,9.1,45.6,"80.287501515",14.1,43.5,23.5,"92.6","2234"
"Brown, Ben",676962,2026,24.5,7.2,"1.85",".223",".335",".228",".280",".286",".113",13,7.3,43,"80.433868295",27.3,47.1,25.1,"96.4","2187"
"Castillo, Luis",622491,2026,21.8,7.9,"5.22",".262",".430",".334",".333",".330",".168",21,9.7,44.7,"80.212931682",25.2,52.2,25.8,"95.3","2225"
"Santana, Dennis",642701,2026,18.9,11.9,"5.06",".252",".403",".336",".333",".351",".151",8,8.2,37.1,"78.967935306",24.3,48.7,30.9,"93.6","2440"
"Banda, Anthony",607455,2026,21.2,9.6,"4.09",".221",".342",".311",".310",".335",".121",6,6.5,38.3,"80.822373043",26.3,44.4,31.9,"94.6","2106"
"Abel, Mick",690953,2026,24.7,10.8,"3.98",".274",".413",".330",".350",".375",".139",3,5.3,40.4,"75.9787175",28.8,49.6,24.6,"94.7","2507"
"Morillo, Juan",666661,2026,30.5,9.4,"2.97",".177",".273",".261",".245",".267",".097",4,5.5,34.7,"75.403105676",34.4,48.2,17.3,"98.6","2207"
"Tong, Jonah",804636,2026,14.9,14.9,"3.60",".206",".366",".281",".309",".323",".161",2,6.1,30.3,"81.939258",23.4,50.3,39.4,"94.5","2244"
"Weiss, Ryan",680802,2026,22.9,15.3,"7.62",".269",".488",".427",".379",".381",".218",9,11.1,49.4,"79.367410488",23.7,44.5,27.2,"94.7","2406"
"Taylor, Grant",691799,2026,33.9,7.3,"2.97",".196",".297",".279",".250",".257",".101",7,7.3,43.3,"79.554962708",29.9,49.3,28.9,"98.3","2363"
"Petersen, Michael",656848,2026,30.7,9.5,"3.18",".191",".363",".255",".283",".279",".172",10,12.5,45,"81.9607255",29.7,47.4,37.5,"97.5","2350"
"Leahy, Kyle",681517,2026,18.3,8.3,"4.24",".291",".496",".353",".370",".358",".205",29,11.9,50.6,"82.14112405",22.1,45.3,23,"93.9","2183"
"Suarez, José",660761,2026,24.2,10.5,"5.27",".244",".309",".371",".293",".335",".065",1,0.8,29.8,"77.801372",27.3,49.4,20.7,"92.6","2352"
"Legumina, Casey",668984,2026,17.3,5.3,"3.45",".286",".414",".333",".331",".343",".128",7,7.4,37.9,"75.384192128",20.9,51.2,28.3,"93.3","2363"
"Alvarado, José",621237,2026,27.2,8.1,"6.11",".240",".359",".376",".305",".331",".119",3,3.7,30.1,"77.20274675",30,49.7,24.1,"96.1","2063"
"Ginn, J.T.",669372,2026,21.3,10.2,"3.16",".236",".360",".291",".306",".323",".124",13,5.7,36.1,"75.582367982",26.8,45.9,23.9,"93","2051"
"Way, Beck",694360,2026,22,12,"3.97",".242",".402",".334",".326",".333",".159",2,6.1,27.3,"76.649868824",31,40.8,21.2,"94.1","2313"
"Schlittler, Cam",693645,2026,29.5,4.9,"1.71",".217",".335",".235",".262",".259",".118",16,6.7,39.2,"76.235532203",27.9,53.7,25.8,"96.7","2434"
"Gordon, Tanner",685299,2026,22.2,5.1,"6.37",".262",".488",".390",".339",".305",".226",15,13.2,44.7,"82.177653818",25.2,51.5,36.8,"92.9","2228"
"Jansen, Kenley",445276,2026,30.1,13.7,"4.00",".206",".369",".282",".306",".315",".163",4,9.8,29.3,"72.786985",29.1,45.7,34.1,"92.6","2635"
"Uribe, Abner",682842,2026,25.8,9.2,"3.38",".208",".285",".258",".251",".282",".077",2,2.6,30.8,"77.584008947",28,44.5,21.8,"98.4","2294"
"Morán, Jovani",663558,2026,28.4,11.2,"3.00",".185",".330",".268",".271",".280",".145",7,8.9,30,"77.947025641",32.5,46.2,35,"90.3","2386"
"Yamamoto, Yoshinobu",808967,2026,24.6,4.9,"2.65",".237",".373",".248",".286",".280",".136",16,6.6,37,"76.684660833",28.6,50.2,22.6,"94.7","2316"
"Bird, Jake",656234,2026,25.7,6.7,"4.88",".249",".453",".349",".334",".317",".204",7,10.3,39.7,"79.173755",28.7,41.5,22.1,"94.6","2333"
"Weissert, Greg",669711,2026,23.4,7,"3.60",".214",".352",".313",".278",".281",".137",4,4.6,29.9,"75.838203721",22.5,47.5,31,"93.9","2195"
"Detmers, Reid",672282,2026,27.2,7.3,"3.93",".209",".325",".264",".269",".275",".116",16,6.6,36.7,"79.557180492",28.1,49,28.2,"94.1","2153"
"Houser, Adrian",605288,2026,15.8,8.3,"5.73",".280",".488",".378",".364",".350",".208",23,10.2,43.8,"80.123534505",19.7,44.3,23.9,"94.9","2213"
"Matz, Steven",571927,2026,17.8,8.3,"6.28",".290",".500",".352",".366",".351",".210",22,13,36.1,"77.438842588",21.3,48.1,27.2,"93.3","2201"
"Perkins, Jack",678022,2026,27.5,7.7,"6.26",".230",".356",".327",".299",".311",".127",8,6.4,36.5,"80.327016349",28.7,50.3,30.5,"95.5","2285"
"King, Bryan",687911,2026,17.9,9.7,"2.38",".238",".314",".286",".294",".333",".076",2,2,36.6,"75.9687384",18,48.3,15.8,"91.8","2061"
"Webb, Jacob",657097,2026,27.6,8.3,"3.78",".258",".428",".320",".326",".320",".170",9,9.8,49.5,"80.444301087",31.4,51.9,31.2,"94.1","2440"
"Silseth, Chase",681217,2026,26,13,"2.40",".207",".350",".309",".296",".315",".143",7,8.9,30.4,"75.713449231",34.8,46.9,30.4,"96","2390"
"Brash, Matt",666374,2026,23.4,9.4,"0.54",".234",".347",".219",".316",".350",".113",2,5,40,"77.5157275",32.1,40.5,12.5,"97.2","2247"
"Gusto, Ryan",687473,2026,19,8.3,"6.00",".303",".481",".341",".366",".361",".178",7,11.5,47.5,"79.096478065",21.9,50,21.3,"92.5","2353"
"Henry, Cole",669371,2026,21,11.3,"6.00",".242",".444",".390",".360",".366",".202",4,10.5,39.5,"78.905223684",23.9,47.5,44.7,"93.6","2496"
"Nance, Tommy",667297,2026,24.8,9.4,"3.81",".248",".392",".276",".311",".320",".144",4,5.2,33.8,"75.753135263",24.9,48.6,22.1,"94.7","2255"
"Bellozo, Valente",678368,2026,16.7,14.6,"7.59",".316",".737",".421",".475",".433",".421",5,15.6,50,"80.20477375",29.5,45.9,40.6,"88.2","2193"
"Fuentes, Didier",800311,2026,28.2,8.1,"2.35",".217",".309",".248",".272",".291",".092",3,3.9,35.1,"79.624831579",26.7,50.3,24.7,"97","2135"
"Helsley, Ryan",664854,2026,31.7,15,"4.73",".198",".325",".333",".289",".318",".127",2,6.3,56.3,"85.0854825",38.7,46.3,28.1,"98.7","2579"
"Ribalta, Orlando",687377,2026,19.6,10.9,"3.52",".197",".357",".266",".285",".283",".160",4,6.3,31.3,"71.635698125",23.2,51.1,26.6,"96.6","2530"
"Holton, Tyler",663947,2026,21.6,5.9,"3.50",".268",".378",".346",".310",".322",".110",6,5.6,42.2,"77.952985185",25.8,47.5,16.5,"89.4","2273"
"Junis, Jakob",596001,2026,17.7,4.6,"2.20",".262",".385",".240",".305",".313",".123",4,4.1,33.7,"75.502672041",18.1,47,23.5,"92","2121"
"Domínguez, Seranthony",622554,2026,26.6,12.9,"4.45",".248",".427",".316",".347",".360",".180",6,8.3,37,"81.721328611",27.3,43.5,23.3,"97.3","2266"
"Dollander, Chase",801403,2026,24.9,9.5,"3.89",".217",".387",".320",".307",".305",".170",12,9.9,52.1,"79.78262",28,48,24.8,"98.6","2371"
"Liberatore, Matthew",669461,2026,20.2,8.4,"5.56",".290",".497",".377",".365",".348",".208",27,10.9,42.9,"80.795999426",21.7,47.6,28.7,"94.2","2134"
"Gaddis, Hunter",683769,2026,16.8,7.9,"3.68",".286",".424",".327",".332",".338",".138",5,6.7,29.3,"75.260901892",27.8,49.4,30.3,"95.2","2247"
"McDonald, Trevor",686790,2026,20.5,8.8,"4.93",".253",".373",".326",".329",".355",".119",7,5.2,40.7,"78.821186515",23.4,44.5,13.3,"93.6","2287"
"Lord, Brad",695418,2026,21.4,7,"3.31",".249",".398",".277",".314",".319",".149",9,6.2,42.6,"75.033451644",21.9,49.4,19.6,"94.4","2370"
"Drohan, Shane",675660,2026,23.9,7.8,"3.12",".230",".352",".293",".285",".292",".122",11,7.5,35.8,"76.320800822",26.8,48.9,27.7,"94","2442"
"Bidois, Brandan",684049,2026,24.3,15.7,"5.14",".234",".459",".389",".356",".361",".225",7,17.1,46.3,"80.5708385",37,48.6,46.3,"96.9","2349"
"Klein, Will",694361,2026,25.4,9.7,"2.59",".245",".326",".299",".289",".325",".080",3,3.5,37.2,"78.812192619",22,43.8,12.8,"97.8","2197"
"Pérez, Cionel",672335,2026,17.7,9.7,"5.34",".284",".534",".322",".380",".353",".251",12,13.3,51.1,"80.705681778",21.2,43.3,20,"96.4","2151"
"Finnegan, Kyle",640448,2026,16.8,15.5,"1.95",".231",".355",".328",".321",".351",".124",6,5.7,41,"78.851867115",25.9,45.3,23.8,"96.3","2241"
"Tolle, Payton",801139,2026,23.8,6.9,"3.08",".210",".334",".278",".269",".271",".125",12,6.8,34.1,"76.655540581",24,55.1,30.2,"94.4","2269"
"Nunez, Anthony",689296,2026,25.7,9.5,"4.98",".232",".414",".313",".315",".311",".182",8,8.4,42.1,"78.45913",34.4,47.9,27.4,"95.5","2513"
"Bradley, Taj",671737,2026,25.4,9.7,"4.11",".240",".405",".318",".321",".319",".165",22,10.3,46.9,"82.375469057",26.1,46,30,"94.4","2252"
"Megill, Trevor",656730,2026,32.2,6.8,"3.72",".190",".296",".231",".241",".252",".105",3,4.2,40.8,"81.674517941",34.7,50.9,32.4,"97.7","2403"
"De Jesus, Enmanuel",646241,2026,22.8,9.4,"4.25",".237",".365",".292",".301",".310",".128",6,7,43,"81.45636619",23.8,46.3,25.6,"92.1","2396"
"Yates, Kirby",489446,2026,32.8,10.4,"3.45",".212",".348",".279",".302",".318",".137",4,11.1,55.6,"82.481988333",34.9,48.3,25,"90.5","2304"
"Walker, Ryan",676254,2026,20,12.2,"4.95",".248",".370",".324",".311",".350",".122",3,5,30,"72.147574483",17.6,41.2,30,"95.4","2373"
"Senga, Kodai",673540,2026,25.4,16.4,"10.08",".237",".426",".421",".356",".373",".189",10,13.2,38.2,"78.374650263",29.3,45.5,35.5,"93.2","2374"
"Gray, Sonny",543243,2026,21.1,6.4,"2.95",".248",".391",".310",".305",".303",".144",16,7.3,36.6,"78.419962844",22.4,48,20.1,"90.7","2492"
"Wrobleski, Justin",680736,2026,15.4,5.2,"2.71",".271",".432",".257",".323",".312",".161",21,7.7,44.3,"80.635710519",17.8,49.6,32.1,"94","2415"
"Suarez, Robert",663158,2026,21.5,5,"0.56",".252",".351",".204",".282",".289",".099",3,3.4,33,"72.212930465",24,53.6,23.9,"98.1","2402"
"Scherzer, Max",453286,2026,13.7,10.8,"10.23",".272",".519",".428",".378",".358",".247",10,13.2,39.5,"78.684088684",17,51.3,30.3,"93","2349"
"Laweryson, Cody",689520,2026,25,9.7,"5.06",".234",".387",".313",".323",".334",".153",4,9.1,48.9,"83.48815",19.8,46.2,24.4,"91","2337"
"Arrighetti, Spencer",681293,2026,23.2,10.9,"3.13",".238",".374",".294",".331",".352",".137",12,6.6,30.8,"77.443970222",25.9,43.3,28.6,"91.8","2327"
"Painter, Andrew",691725,2026,17.7,8,"7.06",".272",".464",".390",".348",".337",".192",21,9.6,35.2,"75.045618704",22.3,48.6,28.8,"96.2","2227"
"Henriquez, Edgardo",683618,2026,26.4,8.3,"2.93",".183",".256",".257",".246",".271",".073",2,2.6,28.9,"71.161113684",25.7,51.1,18.4,"99.9","2481"
"Varland, Gus",681402,2026,20.4,10.9,"5.16",".280",".501",".374",".367",".357",".220",13,14,48.9,"84.572802174",22.8,49.7,29.8,"95.1","2305"
"Sandlin, David",689818,2026,24.1,12.1,"8.10",".222",".411",".355",".321",".316",".189",5,13.5,35.1,"76.92706",24,46.8,29.7,"95.3","2326"
"Svanson, Matt",694335,2026,21.1,11.2,"7.27",".293",".472",".359",".371",".376",".180",8,7.4,48.1,"80.906144259",19.7,48.2,27.8,"95","2276"
"Bigge, Hunter",685801,2026,16.5,16.5,"6.98",".230",".341",".297",".311",".354",".111",3,5.3,36.8,"80.581132069",25.9,43.6,29.8,"96.5","2395"
"Woods Richardson, Simeon",680573,2026,11.8,11,"6.75",".280",".468",".394",".366",".366",".189",16,8.2,43.8,"79.432845053",18.8,43.2,27.8,"92.7","2209"
"Lodolo, Nick",666157,2026,18,8.5,"5.59",".289",".479",".376",".374",".378",".189",12,8.5,39.5,"78.879774493",22,46.7,27.9,"94","2309"
"Wolfram, Grant",664991,2026,25,3,"3.63",".251",".342",".327",".279",".296",".091",3,4.3,40.6,"77.450082424",26.1,50.8,17.4,"95.4","2268"
"Akin, Keegan",669211,2026,14.2,7.5,"6.17",".262",".394",".340",".311",".315",".132",5,6.2,28.9,"74.31207875",19.7,49.8,34.9,"93.7","2342"
"Kolek, Stephen",663568,2026,16,5.2,"4.15",".263",".383",".321",".304",".309",".120",12,7.3,38.6,"77.812441829",20,48.3,21.7,"93.2","2264"
"Rojas, Kendry",696070,2026,25.4,18.3,"1.65",".187",".279",".304",".300",".349",".092",3,7.7,35.9,"72.132419474",28.8,42.6,23.1,"95.6","2147"
"Coulombe, Danny",543056,2026,13.2,11.8,"4.58",".244",".301",".277",".298",".343",".058",1,1.8,19.6,"69.781887143",18.4,45.5,26.8,"87.6","2358"
"Strahm, Matt",621381,2026,17.3,9.1,"6.20",".230",".402",".381",".312",".314",".171",7,8.9,41.8,"81.5501775",22.8,48.7,43,"90.6","2552"
"Barlow, Scott",605130,2026,19,13.1,"6.48",".236",".448",".342",".359",".370",".212",9,9.3,36.1,"77.463891633",33.1,42.7,35.1,"89.1","2233"
"Lopez, Jacob",682052,2026,15.6,13.6,"6.75",".231",".357",".386",".311",".333",".126",8,4.7,31.4,"72.532144353",19.4,43.8,31.4,"89.1","2165"
"Griffin, Foster",656492,2026,23.8,6.1,"3.15",".243",".419",".295",".314",".303",".176",28,11,38.4,"75.89443832",24.7,47.7,27.5,"89.6","2166"
"Criswell, Cooper",681867,2026,19,6.6,"3.52",".240",".357",".302",".286",".295",".117",4,4.5,36,"74.785562273",22,48.3,20.2,"89.5","2199"
"Roupp, Landen",694738,2026,26.3,9.8,"4.15",".229",".321",".305",".285",".308",".093",8,3.8,29.9,"76.508361635",27,42.5,19.6,"92.1","2138"
"Santa, Alimber",695001,2026,17,10.6,"0.71",".192",".236",".177",".257",".285",".044",1,2.9,32.4,"67.317869412",20.5,43.1,29.4,"94.1","1971"
"Beeter, Clayton",690925,2026,25.5,15.7,"3.42",".189",".297",".278",".296",".341",".107",3,5.3,41.4,"79.288533929",28.1,44.3,22.4,"95.5","2406"
"Kay, Anthony",641743,2026,18.2,8.7,"4.24",".268",".430",".344",".353",".363",".161",22,9.4,39.3,"77.496846724",22.2,45.2,21.8,"94.2","2314"
"Flaherty, Jack",656427,2026,25.5,11.1,"5.35",".248",".410",".351",".334",".344",".161",16,8.5,48.7,"81.391285543",26.2,44.1,29.1,"92.5","2240"
"Feltner, Ryan",663372,2026,17.7,10.1,"4.79",".268",".474",".326",".356",".346",".206",13,9.2,43,"76.505670423",24.4,47.6,26.1,"94.7","2389"
"Woo, Bryan",693433,2026,24.6,4.8,"4.26",".235",".385",".271",".287",".277",".150",19,7.3,45.2,"79.100573385",24.6,53.9,31.8,"95.7","2288"
"Bassitt, Chris",605135,2026,14.2,8.4,"5.27",".284",".407",".367",".344",".365",".123",8,4.1,34.5,"75.936558229",21.2,45.9,22.2,"91.1","2106"
"Anderson, Shaun",641312,2026,16.4,11,"5.94",".287",".463",".352",".369",".376",".176",4,7.7,36.5,"76.304361154",24.8,44,19.2,"93.4","2515"
"Alexander, Tyler",641302,2026,18.4,7.8,"2.78",".230",".317",".323",".279",".301",".087",3,2.9,33.3,"75.903949",18.2,45.4,23.5,"89.7","2233"
"Bednar, David",670280,2026,27.5,8.5,"3.27",".214",".306",".287",".267",".286",".092",4,4.4,38.9,"76.261949318",29.5,53.1,17.8,"95.9","2351"
"Graceffo, Gordon",700669,2026,11,12.3,"3.26",".280",".527",".279",".384",".374",".247",15,12.9,48.3,"83.625707241",15.2,43.9,31,"95.5","2061"
"Gallen, Zac",668678,2026,14.3,6.9,"6.10",".304",".486",".377",".364",".356",".182",26,9.3,43.4,"79.81851",19.7,46.5,27.2,"93.4","2298"
"Halvorsen, Seth",678020,2026,20.3,17.7,"3.31",".314",".492",".346",".403",".435",".178",3,6.1,42.9,"82.2197728",25,45.5,16.3,"98.9","2284"
"Murphy, Chris",669684,2026,23.5,13.2,"4.80",".220",".311",".333",".295",".331",".092",3,7.1,38.1,"75.904390952",34.4,50.8,26.2,"95.5","2385"
"Kimbrel, Craig",518886,2026,22,9.8,"5.21",".269",".415",".353",".331",".347",".146",2,3.6,38.2,"78.912624074",23.8,50,34.5,"93.7","2306"
"Eisert, Brandon",685126,2026,27.6,6.9,"5.49",".221",".359",".346",".280",".276",".138",4,7,43.9,"77.754789286",32.8,46.8,29.8,"89.5","2088"
"Maxwell, Zach",687209,2026,16.7,18.5,"9.90",".293",".485",".432",".402",".427",".191",4,11.8,39.4,"84.038874706",15.4,41.6,28.6,"97.2","2371"
"Richards, Trevor",670950,2026,19.4,6.8,"4.15",".242",".458",".290",".323",".294",".216",6,7.9,38.2,"82.207273684",20.1,48,40.8,"92.2","2269"
"Mears, Nick",683232,2026,18.1,13.3,"5.12",".298",".506",".345",".382",".389",".207",7,12.5,50.9,"78.578893571",18.7,44,24.6,"94.5","2253"
"Gil, Luis",661563,2026,10.6,12.9,"6.05",".262",".498",".369",".385",".384",".236",6,9.7,46.8,"83.967854839",18.5,38.6,32.3,"94.9","2431"
"Anderson, Grant",681982,2026,19.5,11.4,"3.41",".202",".346",".304",".283",".293",".144",7,8.2,36.5,"77.446443256",21.4,48.4,36.5,"93","2348"
"Severino, Luis",622663,2026,24,11.4,"4.16",".231",".388",".346",".318",".326",".157",15,8.7,38.7,"78.384796047",23,47.6,26.6,"95.9","2221"
"Pivetta, Nick",601713,2026,36.4,9.1,"4.50",".154",".228",".248",".212",".231",".074",1,2.8,30.6,"76.394676111",26.1,48.8,33.3,"93.6","2354"
"Leasure, Jordan",673929,2026,23.1,10.3,"6.27",".269",".624",".337",".406",".346",".356",13,25,44.2,"83.107416154",26.5,51.8,50,"95.8","2299"
"Ureña, Walbert",700712,2026,21.9,12,"2.41",".203",".302",".292",".283",".313",".099",11,5.9,33,"74.896442366",27.8,44,22.9,"97.6","2199"
"Beck, Tristan",663941,2026,10.6,4.3,"6.75",".227",".390",".339",".282",".261",".163",4,10,40,"79.126965",18.9,53.4,25,"94.3","2084"
"Povich, Cade",700249,2026,14.6,8.5,"5.12",".272",".465",".350",".353",".344",".193",6,9.7,45.2,"81.127220645",26.1,46.7,32.3,"91.8","2435"
"Cecconi, Slade",677944,2026,18.2,7.4,"4.48",".262",".431",".334",".327",".322",".168",21,7.9,36.7,"77.478326412",21,46.5,25.1,"91.4","2283"
"Miller, Bryce",682243,2026,30.5,3.5,"1.58",".189",".319",".223",".231",".219",".130",5,5.4,28,"75.567892889",28.4,57.3,30.1,"95.9","2543"
"Miller, Erik",669062,2026,29.9,18.6,"4.29",".194",".338",".329",".315",".352",".144",5,10.2,30.6,"70.01948875",33.5,36.8,18.4,"96.8","2340"
"Seymour, Ian",693855,2026,24.2,10.2,"4.98",".218",".390",".321",".303",".313",".172",11,9.2,37.8,"76.86591614",29.3,48,34.5,"90.8","2110"
"Springs, Jeffrey",605488,2026,20.1,7.5,"5.55",".246",".448",".358",".330",".309",".202",26,10.2,35.8,"76.683316746",23.3,46.8,33.5,"91.3","2154"
"Boyd, Matthew",571510,2026,31,6,"6.00",".258",".443",".314",".322",".303",".185",6,9.5,50.8,"75.455159688",31.2,50.7,17.5,"92.4","2301"
"Giolito, Lucas",608337,2026,13,16.7,"5.16",".262",".406",".370",".358",".391",".143",4,4.2,43.8,"79.514155",24,40.8,24,"90.8","2144"
"Kinley, Tyler",641755,2026,26.4,8.3,"3.10",".196",".347",".305",".270",".270",".151",5,6.5,26.9,"72.588052051",27.1,44.9,30.8,"94.6","2379"
"Hart, Kyle",606996,2026,19.1,7.4,"4.13",".222",".342",".251",".293",".308",".120",4,6.1,27.3,"75.330715806",18.5,45,15.2,"93.2","2179"
"Watson, Ryan",670245,2026,18.2,8.9,"4.95",".291",".528",".335",".387",".367",".238",18,13.2,40.1,"78.988959254",24.9,48.6,24.8,"92.4","2167"
"Soriano, George",666277,2026,20,8.9,"3.03",".240",".450",".283",".336",".318",".210",10,10.5,43.2,"81.065958936",30.9,49.3,27.4,"96.5","2182"
"Faucher, Calvin",676534,2026,23,16.2,"3.58",".246",".338",".300",".327",".377",".092",4,4.5,40.9,"77.268682045",24.8,38.9,22.7,"94","2611"
"Speier, Gabe",642100,2026,24.1,7.6,"1.93",".227",".393",".303",".305",".311",".167",6,11.8,31.4,"75.8341596",25.3,53.5,25.5,"94.9","2206"
"Vásquez, Randy",681190,2026,17.7,7.5,"4.17",".297",".541",".348",".385",".356",".244",32,13,45.7,"81.685767805",21.5,49.8,30.4,"93.3","2521"
"Fluharty, Mason",689254,2026,27.7,10.6,"3.98",".191",".305",".319",".263",".283",".113",5,5.8,30.2,"72.219562381",29.3,48.1,27.9,"90.8","2649"
"Murray, Jayden",681151,2026,14.7,11.8,"8.79",".266",".437",".419",".342",".349",".171",5,10,40,"81.9314816",24,46.9,40,"94.9","2430"
"Stanek, Ryne",592773,2026,26.4,12.9,"5.23",".224",".396",".340",".320",".330",".171",8,9.6,37.3,"79.581573571",31.7,50.1,27.7,"98.1","2314"
"Ohtani, Shohei",660271,2026,27.5,7.7,"1.58",".201",".284",".231",".257",".277",".083",7,3.6,35.5,"76.185593265",30.9,47,20.8,"97.8","2462"
"Lynch IV, Daniel",663738,2026,22.6,8.3,"2.45",".209",".330",".245",".276",".285",".121",5,5.6,34.4,"75.179696667",30.5,47,25.6,"94.6","2256"
"Waldron, Matt",663362,2026,20,6.4,"8.49",".229",".395",".418",".306",".294",".166",6,7.6,39.2,"80.620216316",17.8,49.4,27.8,"90.6","2085"
"Dotel, Wilber",696062,2026,24.1,11.4,"5.89",".237",".394",".309",".322",".327",".157",3,5.9,52.9,"85.1166888",24.7,47.9,37.3,"96.2","2275"
"Mlodzinski, Carmen",669387,2026,19.2,8.1,"3.57",".276",".431",".322",".338",".339",".156",18,8.2,47.7,"80.812400091",21.1,45.3,23.2,"94.7","2052"
"Rodriguez, Eduardo",593958,2026,18,9.8,"2.27",".262",".441",".294",".339",".334",".179",22,7.9,36.4,"77.471342086",19.4,45.6,26.8,"91.2","2280"
"Fairbanks, Pete",664126,2026,30.2,10.4,"6.75",".200",".439",".353",".322",".306",".240",9,15.3,41.7,"82.132956552",29,48.2,45,"94.5","2441"
"Kirby, George",669923,2026,20.9,5.7,"3.94",".258",".384",".321",".303",".304",".126",19,6.5,42,"78.803991931",20.9,51.8,24.6,"96.6","2280"
"Phillips, Tyler",663969,2026,19.4,11.9,"3.09",".240",".386",".312",".322",".335",".145",13,7.6,40.4,"78.05142869",27.5,44.5,26.9,"96","2121"
"Petty, Chase",695534,2026,10.5,5.3,"4.42",".264",".435",".297",".347",".336",".171",6,10,40.3,"76.24258",23.1,52.1,30.6,"97","2231"
"Erceg, Lucas",668674,2026,18.4,14,"5.16",".241",".327",".373",".316",".358",".085",5,5.6,37.8,"72.732449556",21.6,46.4,15.6,"97","1994"
"Garcia, Brandyn",805299,2026,28.4,7.5,"2.50",".161",".220",".214",".223",".262",".059",1,2.5,37.5,"79.249490526",26.3,43.2,17.5,"97.2","2266"
"Milner, Hoby",571948,2026,12.3,6.2,"3.28",".288",".431",".290",".342",".347",".143",6,5.2,37.1,"77.664061404",17.5,45.4,23.3,"87","1907"
"Ragans, Cole",666142,2026,29.8,15.2,"4.84",".218",".452",".355",".344",".336",".234",13,15.7,39.8,"79.173246585",31.7,45.4,37.3,"94.4","2559"
"Sánchez, Cristopher",650911,2026,28.5,4.7,"1.80",".224",".357",".270",".271",".262",".133",24,8.5,42.9,"77.934413643",31.4,50.6,17.7,"95.1","2136"
"Hanifee, Brenan",669724,2026,10.2,6.8,"3.29",".287",".510",".351",".371",".350",".223",4,8.5,41.7,"80.347264783",11.5,43.5,27.1,"95.1","2086"
"Myers, Tobias",668964,2026,17.6,7.3,"6.00",".250",".401",".355",".306",".305",".152",7,5.7,45.2,"81.947752333",19,50.9,30.6,"91.7","2221"
"Wacha, Michael",608379,2026,18.8,7.1,"3.48",".248",".399",".305",".310",".309",".151",16,5.4,35.8,"77.425689931",22.3,48.3,25.8,"92","2142"
"Harris, Hogan",663687,2026,26.3,14,"3.65",".199",".291",".327",".284",".325",".093",4,4,28.3,"75.10941449",25,43.6,22.2,"95","2320"
"McGreevy, Michael",700241,2026,15.9,6,"3.35",".294",".513",".305",".365",".337",".218",25,9.7,40.4,"78.316342891",18.7,45.6,25.8,"90.1","2239"
"Schultz, Paxton",687606,2026,21.7,7.7,"5.87",".264",".449",".357",".335",".327",".185",9,9.1,37.4,"82.44419449",19,44,38.4,"90.9","2260"
"Manaea, Sean",640455,2026,23.4,7.8,"4.87",".247",".390",".340",".313",".320",".143",13,7.6,39.2,"76.349060476",23.5,48.6,24,"89.6","2041"
"Pallette, Peyton",688883,2026,22.7,16.5,"5.23",".250",".384",".334",".356",".397",".134",4,7.1,42.9,"78.551397857",28.4,39.8,17.9,"95.4","2278"
"Burke, Sean",680732,2026,23.9,8.2,"3.71",".238",".387",".315",".310",".314",".149",17,7.1,36.9,"78.740669831",23.4,47.3,30.7,"94.2","2521"
"Gibson, Trey",694346,2026,17.9,13.6,"5.64",".272",".441",".350",".362",".377",".169",8,8.5,44.2,"79.812785532",21.9,41.4,18.9,"93.9","2122"
"O'Brien, Riley",676617,2026,23.1,7.7,"4.05",".251",".380",".293",".328",".345",".129",5,5.4,38.7,"76.357905",27.3,46.6,17.2,"98.3","2207"
"Pomeranz, Drew",519141,2026,14.8,11.1,"5.01",".255",".441",".356",".333",".351",".185",6,7.7,34.6,"76.767512821",21.4,49.7,34.6,"92.2","2586"
"Whitlock, Garrett",676477,2026,29,6,"2.92",".262",".405",".291",".312",".307",".143",4,6.2,32.3,"76.101880938",29.4,55.3,20,"94.8","2152"
"Franco, Jose",683742,2026,16.5,17.7,"5.40",".232",".394",".404",".355",".376",".162",6,12,34.6,"75.3592432",21.2,45.7,34.6,"95.1","2347"
"Pfaadt, Brandon",694297,2026,18.1,9.9,"5.92",".259",".460",".360",".352",".347",".201",14,11.7,40.8,"78.156756167",24.5,47.5,20.8,"92.6","2443"
"Mize, Casey",663554,2026,25.1,6.1,"2.95",".225",".356",".280",".279",".275",".131",12,7.6,36.1,"76.525059367",28.7,47.5,30.4,"93.5","2250"
"Fedde, Erick",607200,2026,15.2,9.1,"4.34",".262",".428",".341",".334",".336",".166",19,7.9,37,"77.41735314",17.6,42.6,27.6,"92.4","2100"
"Keller, Mitch",656605,2026,18.2,8.4,"4.89",".281",".426",".318",".342",".352",".145",17,6.3,41.2,"77.843538074",20.5,48.2,24.3,"92.6","2383"
"Parker, Mitchell",680730,2026,18.8,6.1,"5.73",".267",".457",".359",".338",".322",".190",10,8.2,41.8,"80.42613193",26.7,51.1,29.5,"93.5","2160"
"Pérez, Martín",527048,2026,20.7,9.3,"3.00",".246",".379",".287",".313",".324",".132",13,6.5,37.3,"76.733426327",22.7,42.5,21.4,"88","2094"
"May, Dustin",669160,2026,22.5,6.4,"4.30",".240",".378",".303",".301",".301",".138",17,7.2,46.4,"79.386710085",21.7,47.3,23.2,"95.6","2379"
"Melton, Troy",675512,2026,15.2,7.2,"2.56",".242",".381",".279",".305",".307",".139",6,6.3,36.8,"79.101674792",20.4,48.6,28.4,"94.4","2212"
"Sims, Lucas",608371,2026,21.7,15.2,"4.50",".220",".356",".354",".331",".363",".137",2,7.1,39.3,"73.754161538",21.6,43.3,25,"94.1","2537"
"Bido, Osvaldo",674370,2026,13.6,12.3,"6.27",".273",".449",".344",".377",".399",".176",5,8.9,41.1,"76.63963",23.4,45.7,32.1,"94.6","2364"
"Wheeler, Zack",554430,2026,26.6,6.9,"2.11",".210",".338",".251",".273",".272",".129",12,7.1,35.3,"76.116268471",27.9,49.4,24.1,"94.5","2413"
"Sullivan, Sean",807743,2026,11.9,11.9,"8.25",".174",".322",".445",".276",".285",".148",3,6.8,27.3,"75.514792273",15.6,48.4,40.9,"87.2","2283"
"Teng, Kai-Wei",678906,2026,24,10.5,"4.03",".236",".379",".324",".320",".334",".143",12,7.4,39.9,"79.544422963",26.2,43.9,23.9,"93.5","2455"
"Cleavinger, Garrett",664076,2026,32.6,11.6,"4.43",".197",".304",".299",".276",".299",".108",3,6.4,44.7,"72.881258696",27.4,46.3,29.8,"95.7","2379"
"Iglesias, Raisel",628452,2026,29.3,6.1,"1.42",".216",".300",".271",".252",".264",".084",3,4.8,32.8,"78.46817625",32,53.1,26.6,"94.6","2314"
"Paddack, Chris",663978,2026,15.7,7.7,"6.96",".278",".443",".367",".342",".339",".165",15,8.1,37.8,"78.1389425",21.1,49.9,28.7,"91.4","2149"
"Woodford, Jake",663765,2026,17.9,6.3,"6.94",".336",".479",".368",".368",".372",".143",6,7.1,48.2,"81.95707",20,46.3,25.9,"91.8","2180"
"Vodnik, Victor",680767,2026,15.2,16.2,"7.06",".242",".374",".378",".334",".372",".132",5,7.1,38,"79.510563429",25.6,44.6,19.7,"98.3","2257"
"Hentges, Sam",656529,2026,21.9,20.3,"2.77",".204",".327",".304",".333",".389",".123",2,5.7,31.4,"75.642847059",26.8,43.2,22.9,"93.2","2170"
"Festa, Matt",670036,2026,25.4,6.5,"4.22",".227",".404",".327",".304",".292",".177",8,8.8,37.4,"75.82582087",27.1,47.5,27.5,"92","2474"
"Yarbrough, Ryan",642232,2026,18.5,9.7,"3.99",".208",".282",".263",".263",".298",".073",2,2.3,21.8,"71.956031628",23.9,46.5,28.7,"86","2004"
"Peterson, David",656849,2026,19.7,9.4,"6.09",".269",".409",".349",".340",".350",".140",15,6.8,42.2,"78.751702593",22.2,46.4,18.4,"92.2","2143"
"Ginkel, Kevin",656464,2026,27.2,7.2,"2.93",".232",".399",".298",".296",".287",".167",9,11,45.1,"80.4197555",33.1,48.7,26.8,"95","2385"
"Martin, Chris",455119,2026,14.3,4.1,"7.84",".349",".570",".488",".411",".389",".222",4,10.3,43.6,"83.4105425",18.8,56.8,28.2,"92.9","2210"
"Lawrence, Justin",664875,2026,25.5,14.5,"8.04",".271",".466",".413",".385",".407",".195",9,11.1,44.4,"80.156474634",26.6,41.3,25.9,"95.5","2454"
"Zeferjahn, Ryan",666171,2026,30.1,16.6,"4.42",".172",".278",".283",".290",".342",".106",4,5.1,35,"79.3171155",31.6,39.5,23.8,"96.9","2204"
"Márquez, Germán",608566,2026,14.8,9.4,"5.76",".274",".508",".374",".367",".345",".235",10,10.4,45.8,"77.325235625",19.5,47.1,36.5,"94.2","2150"
"Rogers, Trevor",669432,2026,17.3,7.7,"5.30",".254",".416",".327",".319",".314",".162",16,6.9,39.3,"78.678562609",22.4,51.5,25.6,"91.5","2387"
"Boyle, Joe",671212,2026,24.2,9.1,"5.17",".261",".413",".258",".328",".330",".151",2,4.7,43.2,"74.745448182",26.4,46,22.7,"97.1","2516"
"López, Reynaldo",625643,2026,20.6,11.1,"3.50",".257",".410",".320",".334",".343",".154",7,5.6,35.4,"75.597694762",20.2,44.3,27.6,"94.2","2067"
"Adam, Jason",592094,2026,16.4,6.6,"2.45",".227",".386",".318",".298",".290",".159",7,7.6,40.2,"77.793104783",29.3,53.7,30.4,"93.4","2509"
"Bender, Anthony",669622,2026,28.9,8.9,"2.73",".194",".286",".227",".257",".282",".092",6,7.4,34.6,"78.744642195",23.7,39.9,33.3,"96.4","2320"
"Smith, Cade",671922,2026,36.9,6.7,"3.22",".209",".361",".288",".276",".264",".152",9,11,45.1,"82.207876098",36.4,49.3,29.8,"96.7","2315"
"Singer, Brady",663903,2026,17.9,7.6,"4.81",".274",".482",".375",".358",".343",".208",25,10.9,40.4,"81.416472522",23.6,43.2,28.7,"90.7","2352"
"Voth, Austin",608723,2026,5.4,10.7,"9.90",".338",".557",".460",".403",".397",".219",4,8.5,40.4,"81.976357917",15.6,44.7,36.2,"90.1","2345"
"De Los Santos, Enyel",660853,2026,22.9,5.6,"4.67",".235",".369",".286",".281",".278",".135",6,5.8,38.8,"78.35644",28,55,30.1,"95","2244"
"Santillan, Tony",663574,2026,20.9,10.4,"5.23",".253",".476",".355",".349",".332",".223",10,11.1,46.7,"83.025180682",22.4,45.8,37,"94.6","2329"
"Hall, DL",669084,2026,25.4,19,"2.03",".204",".287",".256",".307",".361",".083",4,5.9,30.4,"75.558883235",29.6,39.5,20.3,"94.8","2151"
"Suter, Brent",608718,2026,20.3,7.5,"4.14",".250",".392",".308",".305",".307",".143",8,6,30.4,"73.661515538",24,47.3,19.3,"87.9","2142"
"Borucki, Ryan",621366,2026,14.4,8.7,"4.94",".253",".373",".365",".311",".330",".120",4,5.1,39.7,"77.339069231",28.2,49.5,29.5,"93.2","2278"
"Harrison, Kyle",690986,2026,30,6.2,"2.50",".228",".350",".279",".282",".286",".122",12,6.6,33.1,"78.744420112",29.1,50.3,30.4,"95","2356"
"Gasser, Robert",688107,2026,23.8,9.2,"4.50",".195",".331",".336",".278",".287",".136",5,6,28.6,"76.14806119",26.1,49,32.1,"91","2219"
"Poulin, PJ",676571,2026,15.8,13.5,"2.84",".262",".458",".313",".361",".369",".196",9,9.9,48.4,"81.860686522",15.7,41.3,26.9,"89.6","2142"
"Ritchie, JR",702275,2026,20.8,14,"4.87",".234",".390",".330",".332",".354",".156",8,7.1,39.8,"80.235016429",23.2,41.8,30.1,"93.4","2374"
"Morris, Andrew",702193,2026,23.9,8.2,"4.29",".232",".329",".322",".280",".299",".097",4,3.7,34.6,"75.741824528",23.6,47,28,"94.6","2126"
"Pallante, Andre",669467,2026,18.5,7.2,"3.59",".237",".380",".296",".303",".305",".144",16,6.5,35.1,"75.61437879",21.7,44.7,19.5,"95.2","2204"
"Guerrero, Tyron",594027,2026,33.9,1.8,"3.46",".207",".346",".294",".263",".250",".139",3,8.8,23.5,"70.567946875",30.5,54.4,23.5,"99.9","2228"
"Banks, Tanner",621383,2026,22.6,9.5,"5.86",".258",".397",".379",".316",".328",".139",4,4.3,33.3,"75.276662889",23.8,50.2,30.1,"91.7","2046"
"Doval, Camilo",666808,2026,22,5.5,"5.10",".229",".358",".312",".273",".268",".129",5,5.4,50,"80.604520217",26.2,50.6,19.6,"98.5","2550"
"Irvin, Jake",663623,2026,25.4,9.6,"5.23",".248",".457",".326",".349",".340",".209",17,12,45.8,"78.202234085",25.7,45.9,30.3,"91.7","2324"
"Orze, Eric",679358,2026,19.3,10.2,"4.66",".243",".350",".306",".297",".324",".107",7,6,27.6,"73.568378966",22.6,43.8,17.2,"92.6","2266"
"Headrick, Brent",687396,2026,24.7,9.5,"1.66",".233",".344",".281",".289",".308",".110",5,4.8,37.5,"78.4673418",30.7,52.8,25,"93.9","2346"
"Fermin, José",820862,2026,24.4,15.6,"4.12",".246",".404",".332",".350",".380",".158",5,9.6,51.9,"83.68613",30.7,47.1,17.3,"96.3","2301"
"Warren, Will",701542,2026,24.7,7.6,"3.45",".241",".372",".311",".302",".305",".131",15,6.6,37.9,"79.759712212",22.3,44.4,25.1,"93.5","2481"
"Marinaccio, Ron",676760,2026,20,7.5,"3.72",".257",".409",".331",".324",".327",".151",8,7.1,40.7,"78.173797544",26.5,48.5,23,"91.5","2169"
"Skenes, Paul",694973,2026,30.6,5.1,"2.86",".199",".318",".261",".254",".254",".119",13,6,36.2,"76.128657222",28.8,50.5,21.6,"97","2206"
"Macko, Adam",671936,2026,25,4.2,"1.50",".243",".386",".281",".297",".291",".143",2,6.1,27.3,"75.3508",31.6,46.4,33.3,"94.6","2300"
"Miles, Spencer",693686,2026,23.9,8.1,"3.17",".242",".358",".255",".294",".304",".116",6,4.5,35.1,"74.730835758",20.5,48.1,20.1,"96","2243"
"Pearson, Nate",663878,2026,23.5,9.8,"3.86",".253",".451",".316",".340",".328",".198",4,12.1,41.2,"74.748565294",30,49.3,29.4,"98","2323"
"Slaten, Justin",686580,2026,26.3,6.6,"6.48",".252",".402",".397",".308",".302",".149",4,7.8,43.1,"78.2982712",26.8,48.9,35.3,"94.6","2505"
"Rolison, Ryan",669020,2026,25.4,11.4,"1.82",".222",".331",".276",".295",".313",".109",4,5.6,41.7,"79.421024857",21.8,44.6,27.8,"94.6","2291"
"Bachar, Lake",669199,2026,27.6,9.4,"2.98",".192",".317",".254",".275",".284",".124",7,6.8,40.8,"81.241454314",32.8,46.5,35.9,"94.6","2710"
"Samaniego, Tyler",701719,2026,18.9,8.9,"2.66",".268",".398",".325",".331",".348",".130",2,3.2,36.5,"79.516716552",21.6,44.3,20.6,"92.8","2200"
"Luzardo, Jesús",666200,2026,28.1,7.7,"4.39",".224",".332",".315",".283",".294",".109",15,6.1,30.4,"75.805598115",31.5,45.9,20.2,"96.7","2250"
"Morgan, Eli",669212,2026,17.9,9.5,"5.19",".329",".508",".397",".399",".410",".179",3,5.1,42.4,"78.810928276",25,47,18.6,"91.2","2283"
"Muñoz, Andrés",662253,2026,34.9,10.3,"5.08",".235",".382",".308",".317",".323",".146",7,10.3,44.1,"75.118576471",42,46.7,20.6,"98.8","2283"
"Jones, Jared",683003,2026,23.3,8.9,"5.75",".261",".452",".362",".340",".327",".192",5,8.2,41,"79.471535806",33.3,47.7,27.9,"98.7","2565"
"Pérez, Eury",691587,2026,26.1,10,"4.41",".230",".461",".327",".342",".322",".231",26,14.9,41.4,"76.643383793",27.9,50.7,28.7,"98.1","2641"
"Brubaker, JT",664141,2026,17.5,11.3,"2.75",".259",".423",".277",".334",".340",".164",6,5.3,35.1,"77.859809825",22.3,44.6,29.8,"93.6","2206"
"Gore, MacKenzie",669022,2026,25.6,10.3,"4.07",".240",".388",".305",".315",".323",".147",20,8.8,45.6,"78.563303717",25.7,48.2,26.8,"94.6","2186"
"Crochet, Garrett",676979,2026,26.8,8,"6.30",".262",".442",".359",".345",".344",".180",9,10.7,45.3,"78.163401905",24,49,24.4,"94.2","2449"
"Hoppe, Alex",695380,2026,24.8,8.9,"5.87",".256",".348",".305",".302",".327",".092",2,3,40.9,"77.651656061",26.6,45.7,13.6,"97.6","2252"
"Sproat, Brandon",687075,2026,24.7,10.8,"5.43",".246",".418",".346",".339",".346",".172",16,9,42.8,"80.069534886",26.1,45.5,28.3,"95.2","2060"
"Alexander, Jason",669920,2026,16.7,9.5,"9.33",".258",".416",".392",".333",".338",".158",6,10,37.7,"75.822892333",20.3,44.5,27.9,"90.5","2198"
"Rodriguez, Grayson",680570,2026,19.5,12.2,"8.06",".314",".545",".395",".400",".399",".231",9,10.8,51.8,"81.266250476",21.2,45.7,27.7,"96.4","2276"
"Gage, Matt",657424,2026,17.9,12.5,"3.96",".255",".422",".360",".345",".355",".167",7,9.1,29.9,"75.399394737",23.6,46.8,27.3,"92.3","2142"
"Corbin, Patrick",571578,2026,16.2,7.9,"4.73",".293",".467",".358",".363",".363",".174",16,7.5,43.3,"77.700192336",20.5,48.2,23.3,"89.8","2132"
"Weaver, Luke",596133,2026,26.4,7,"2.18",".206",".350",".221",".272",".267",".144",8,9.4,31.8,"79.394152857",28,52.2,28.2,"94.2","2438"
"Burrows, Mike",681347,2026,18.4,8.3,"5.48",".255",".425",".370",".327",".323",".169",23,8.5,37.9,"76.372368519",22.7,49.4,28.7,"94.8","2245"
"Carrasco, Carlos",471911,2026,9.8,1.6,"3.68",".337",".510",".324",".382",".371",".173",4,7.7,40.4,"77.1552804",17.2,57.4,13.5,"90.8","2246"