Player,SG Putting,SG Around Green,SG Approach,SG Off The Tee,SG Tee To Green,SG Total,Rounds,Scrambling
wyndham clark,2.87,-0.85,-0.29,1.21,0.08,2.95,1,0
wyndham clark,2.08,0.08,2.3,0.7,3.08,5.16,2,0
wyndham clark,3.23,-0.53,0.2,0.78,0.46,3.69,3,0
wyndham clark,4.39,0.28,2.34,1.4,4.02,8.41,4,0
si woo kim,1.89,0.77,0.75,1.55,3.06,4.95,1,0
si woo kim,3.49,1.36,2.25,1.05,4.67,8.16,2,0
si woo kim,0.18,0.57,-0.33,0.26,0.51,0.69,3,0
si woo kim,2.59,1.15,-1.43,1.1,0.82,3.41,4,0
scottie scheffler,1.24,-0.34,1.47,0.58,1.71,2.95,1,0
scottie scheffler,1.94,0.07,2.58,0.57,3.22,5.16,2,0
scottie scheffler,1.24,0.54,1.19,0.72,2.45,3.69,3,0
scottie scheffler,0.84,0.77,0.68,1.13,2.58,3.41,4,0
jackson suber,-0.46,-0.15,1.53,0.03,1.42,0.95,1,0
jackson suber,2.94,0.78,2.25,1.19,4.22,7.16,2,0
jackson suber,-1.45,-1.05,2.93,-0.74,1.14,-0.31,3,0
jackson suber,1.04,1.89,1.46,1.02,4.38,5.41,4,0
keith mitchell,1.49,0.95,1.47,1.04,3.46,4.95,1,0
keith mitchell,-0.67,1.32,0.3,1.21,2.83,2.16,2,0
keith mitchell,-0.69,2.02,-2.31,1.67,1.37,0.69,3,0
keith mitchell,0.36,-1.01,2.6,2.46,4.05,4.41,4,0
tom hoge,0.04,-0.43,0.63,0.71,0.91,0.95,1,0
tom hoge,1.42,0.86,3.2,0.67,4.73,6.16,2,0
tom hoge,2.82,-1.24,1.81,-0.7,-0.13,2.69,3,0
tom hoge,-0.09,-0.43,1.61,-0.67,0.51,0.41,4,0
tony finau,-0.34,0.92,-0.11,1.48,2.29,1.95,1,0
tony finau,0.43,1.36,1.96,1.41,4.73,5.16,2,0
tony finau,-1.04,-0.18,0.27,0.63,0.72,-0.31,3,0
tony finau,0.75,0.47,1.18,1.02,2.67,3.41,4,0
zach bauchou,0.41,1.53,-0.98,0.99,1.54,1.95,1,0
zach bauchou,-0.11,0.54,2.99,0.73,4.26,4.16,2,0
zach bauchou,1.83,0.04,-0.12,0.93,0.86,2.69,3,0
zach bauchou,0.19,0.08,0.25,0.89,1.22,1.41,4,0
sungjae im,2.56,-0.34,0.16,-1.43,-1.61,0.95,1,0
sungjae im,1.98,0.94,2.98,1.25,5.18,7.16,2,0
sungjae im,0.77,1.74,-0.62,-0.21,0.91,1.69,3,0
sungjae im,0.02,1.49,-3.17,1.08,-0.6,-0.59,4,0
max greyserman,-1.64,-1.41,1.51,-0.51,-0.4,-2.05,1,0
max greyserman,-0.21,0.88,3.34,2.15,6.37,6.16,2,0
max greyserman,0.78,-0.01,2.03,0.89,2.91,3.69,3,0
max greyserman,-1.45,-1.32,4.32,-0.13,2.87,1.41,4,0
stephan jaeger,0.64,0.22,1.63,2.47,4.32,4.95,1,0
stephan jaeger,2.07,0.26,0.28,-2.45,-1.91,0.16,2,0
stephan jaeger,1.15,1.59,2.13,-0.2,3.53,4.69,3,0
stephan jaeger,-2.29,-0.02,1.69,0.04,1.7,-0.59,4,0
jesper svensson,2.93,0.49,1.1,1.42,3.02,5.95,1,0
jesper svensson,-0.72,-0.12,-2.32,-0.69,-3.13,-3.84,2,0
jesper svensson,0.49,3.72,-1.51,0.98,3.19,3.69,3,0
jesper svensson,0.95,0.51,-0.17,2.12,2.46,3.41,4,0
john keefer,0.99,0.27,0.93,0.77,1.96,2.95,1,0
john keefer,-0.63,-0.6,0.53,-0.14,-0.21,-0.84,2,0
john keefer,0.67,-0.58,0.83,0.77,1.02,1.69,3,0
john keefer,1.91,-2.26,4.68,1.09,3.5,5.41,4,0
brooks koepka,2.56,1.3,2.68,-0.59,3.39,5.95,1,0
brooks koepka,-2.42,0.32,-0.25,1.52,1.58,-0.84,2,0
brooks koepka,1.53,-0.71,1.42,0.46,1.16,2.69,3,0
brooks koepka,-0.23,0.56,-1.17,1.25,0.64,0.41,4,0
taylor moore,2.66,0.86,2.65,0.78,4.29,6.95,1,0
taylor moore,-1.42,0.51,-0.6,0.67,0.58,-0.84,2,0
taylor moore,1.79,-2.79,-0.73,1.42,-2.1,-0.31,3,0
taylor moore,1.25,2.43,-0.51,-0.76,1.16,2.41,4,0
blades brown,0.84,0.04,1.13,0.94,2.11,2.95,1,0
blades brown,-0.63,-0.36,0.77,0.39,0.79,0.16,2,0
blades brown,0.54,0.26,2.16,0.73,3.15,3.69,3,0
blades brown,0.58,-0.8,1.47,0.16,0.83,1.41,4,0
ben silverman,0.34,-0.22,0.46,0.37,0.61,0.95,1,0
ben silverman,2.46,-0.98,1.66,-0.99,-0.31,2.16,2,0
ben silverman,1.31,-0.41,1.44,-0.65,0.38,1.69,3,0
ben silverman,2.27,-1.52,1.67,-0.01,0.14,2.41,4,0
s.y. noh,2.06,0.28,0.59,-0.98,-0.11,1.95,1,0
s.y. noh,-0.91,0.99,1.91,0.17,3.07,2.16,2,0
s.y. noh,0.68,0.41,0.49,0.1,1,1.69,3,0
s.y. noh,-1.15,1.03,0.09,0.44,1.56,0.41,4,0
peter malnati,0.43,0.72,1.14,-2.34,-0.48,-0.05,1,0
peter malnati,3.1,-0.43,1.23,-0.75,0.06,3.16,2,0
peter malnati,0.65,0.45,0.96,-0.36,1.04,1.69,3,0
peter malnati,0.7,1.64,-1.29,-0.63,-0.29,0.41,4,0
jordan spieth,-0.46,-0.18,1.2,0.39,1.41,0.95,1,0
jordan spieth,3.64,1.63,1.01,-0.13,2.52,6.16,2,0
jordan spieth,-2.08,-1.24,-0.49,-0.49,-2.23,-4.31,3,0
jordan spieth,1.58,-0.08,-0.3,1.22,0.83,2.41,4,0
erik van rooyen,-0.68,1.74,1.18,0.71,3.63,2.95,1,0
erik van rooyen,1.35,-0.19,-0.1,0.1,-0.2,1.16,2,0
erik van rooyen,-0.89,2.21,1.72,-0.35,3.58,2.69,3,0
erik van rooyen,1.76,1.17,-2.83,-1.7,-3.35,-1.59,4,0
seamus power,3.1,-0.07,0.4,-0.48,-0.14,2.95,1,0
seamus power,2.52,0.24,0.26,0.14,0.63,3.16,2,0
seamus power,1.46,-0.94,-2.3,-0.53,-3.77,-2.31,3,0
seamus power,2.32,0.89,-1.91,0.11,-0.91,1.41,4,0
garrick higgo,-0.91,0.82,-0.66,0.71,0.86,-0.05,1,0
garrick higgo,1.13,-0.85,0.47,0.41,0.03,1.16,2,0
garrick higgo,1.01,0.13,-2.32,-0.13,-2.33,-1.31,3,0
garrick higgo,1.19,0.73,2.48,1,4.22,5.41,4,0
ryo hisatsune,-2.03,1.53,1.42,1.04,3.99,1.95,1,0
ryo hisatsune,0.58,-1.71,0.77,0.52,-0.42,0.16,2,0
ryo hisatsune,2.42,-1.46,1.58,1.16,1.27,3.69,3,0
ryo hisatsune,-1.64,0.28,-0.56,1.34,1.06,-0.59,4,0
steven fisk,-0.12,0.15,0.1,-0.18,0.07,-0.05,1,0
steven fisk,2.56,0.4,-0.54,1.73,1.59,4.16,2,0
steven fisk,1.98,0.6,0.65,-1.53,-0.29,1.69,3,0
steven fisk,-0.97,-0.83,-1.04,2.26,0.39,-0.59,4,0
rico hoey,0.93,0.99,-1.17,1.2,1.02,1.95,1,0
rico hoey,2.2,0.21,-1.63,1.38,-0.04,2.16,2,0
rico hoey,-0.93,1.69,-0.52,0.45,1.62,0.69,3,0
rico hoey,1.99,-0.1,-2.04,0.57,-1.57,0.41,4,0
a.j. ewart,1.84,0.71,-0.33,0.73,1.11,2.95,1,0
a.j. ewart,0.23,-0.03,0.81,0.14,0.92,1.16,2,0
a.j. ewart,0.1,0.91,-2.3,-0.02,-1.41,-1.31,3,0
a.j. ewart,2.02,0.71,1.02,-1.34,0.39,2.41,4,0
kensei hirata,0.43,2.34,0.77,1.41,4.52,4.95,1,0
kensei hirata,-0.66,0.97,1.96,0.9,3.82,3.16,2,0
kensei hirata,-0.51,-0.19,-0.41,-0.2,-0.8,-1.31,3,0
kensei hirata,-3.17,1.3,1.04,-0.76,1.58,-1.59,4,0
pierceson coody,1.8,-0.54,-3.13,2.82,-0.84,0.95,1,0
pierceson coody,2.39,-0.5,0.7,0.56,0.77,3.16,2,0
pierceson coody,1.84,-2.28,-1.31,1.44,-2.15,-0.31,3,0
pierceson coody,2.62,-1.19,0.46,-0.48,-1.21,1.41,4,0
rasmus neergaard-petersen,1.31,0.1,0.41,1.14,1.64,2.95,1,0
rasmus neergaard-petersen,3.12,-0.43,-0.57,0.04,-0.96,2.16,2,0
rasmus neergaard-petersen,-1.39,-0.61,2.51,0.17,2.07,0.69,3,0
rasmus neergaard-petersen,-0.62,0.03,-0.83,0.84,0.04,-0.59,4,0
chris kirk,0.59,-0.04,2.11,-0.71,1.37,1.95,1,0
chris kirk,-0.97,1.19,1.02,0.92,3.13,2.16,2,0
chris kirk,-0.27,0.91,-0.21,0.26,0.95,0.69,3,0
chris kirk,-2.02,2.26,-1.43,0.6,1.44,-0.59,4,0
sam ryder,-0.5,-0.51,1.7,0.26,1.45,0.95,1,0
sam ryder,0.87,0.12,1.54,0.62,2.29,3.16,2,0
sam ryder,1.29,-0.58,0.3,-0.33,-0.6,0.69,3,0
sam ryder,-1.4,1.28,-0.12,-0.35,0.81,-0.59,4,0
doug ghim,0.77,0.4,2.16,0.63,3.19,3.95,1,0
doug ghim,-1.88,1.12,0.17,-0.25,1.04,-0.84,2,0
doug ghim,-0.09,-1.57,0.71,0.64,-0.22,-0.31,3,0
doug ghim,-2.17,2.2,-0.25,1.65,3.59,1.41,4,0
mark hubbard,0.39,-0.13,3.22,-0.53,2.56,2.95,1,0
mark hubbard,-1.19,0.12,2.29,-0.06,2.35,1.16,2,0
mark hubbard,-2.73,0.59,1.21,0.61,2.41,-0.31,3,0
mark hubbard,-0.61,-1.43,3.13,-0.66,1.03,0.41,4,0
eric cole,-0.02,1.23,-0.17,-0.1,0.97,0.95,1,0
eric cole,-0.47,-1.08,2.33,0.37,1.63,1.16,2,0
eric cole,0.65,0.24,0.21,-2.41,-1.97,-1.31,3,0
eric cole,2.2,0.22,1.85,-0.85,1.21,3.41,4,0
mac meissner,-0.8,1.88,-0.07,-0.05,1.75,0.95,1,0
mac meissner,0.12,1.53,2.91,-0.4,4.04,4.16,2,0
mac meissner,-1.04,0.24,-0.83,-0.68,-1.27,-2.31,3,0
mac meissner,3.26,-1.08,0.08,-0.85,-1.85,1.41,4,0
luke clanton,1.01,0.32,2.17,-0.54,1.94,2.95,1,0
luke clanton,-0.48,-0.12,2.37,0.39,2.63,2.16,2,0
luke clanton,-0.54,0.48,-2.38,0.13,-1.77,-2.31,3,0
luke clanton,0.78,-1.25,1.23,0.66,0.64,1.41,4,0
emiliano grillo,1.86,-0.58,3.22,0.45,3.09,4.95,1,0
emiliano grillo,-0.83,-0.71,0.57,0.13,-0.01,-0.84,2,0
emiliano grillo,-1.8,0.73,0.2,-0.43,0.49,-1.31,3,0
emiliano grillo,1.11,0.16,-0.96,0.1,-0.7,0.41,4,0
chan kim,1.99,0.89,0.49,-0.41,0.96,2.95,1,0
chan kim,0.56,1.1,0.41,1.08,2.59,3.16,2,0
chan kim,0.11,0.23,-1.8,-0.85,-2.42,-2.31,3,0
chan kim,-0.23,0.62,-0.66,-0.31,-0.35,-0.59,4,0
camilo villegas,-1.2,3.17,0.28,-0.3,3.15,1.95,1,0
camilo villegas,3.18,-0.12,-0.49,0.58,-0.03,3.16,2,0
camilo villegas,1.23,-0.35,-0.27,-0.92,-1.54,-0.31,3,0
camilo villegas,0.4,-0.18,-0.98,-1.82,-2.99,-2.59,4,0
tyler duncan,1.17,0.83,2.85,0.1,3.78,4.95,1,0
tyler duncan,0.24,1.86,-0.38,0.43,1.91,2.16,2,0
tyler duncan,-1.41,-0.23,-1.64,-0.03,-1.9,-3.31,3,0
tyler duncan,-1.57,-1.32,1.11,0.19,-0.02,-1.59,4,0
luke list,0.36,2.58,-1.19,1.2,2.59,2.95,1,0
luke list,1.15,2.03,-2.38,1.35,1,2.16,2,0
luke list,-0.16,-1.93,0.03,0.75,-1.16,-1.31,3,0
luke list,-0.77,-1.83,-0.69,1.7,-0.82,-1.59,4,0
austin eckroat,1.16,-0.04,2.92,-0.09,2.8,3.95,1,0
austin eckroat,1.13,-0.16,-3.24,-0.58,-3.98,-2.84,2,0
austin eckroat,0.19,2.4,1.12,-0.02,3.5,3.69,3,0
austin eckroat,0.71,-2.07,-1.46,0.24,-3.29,-2.59,4,0
matthieu pavon,-0.49,-0.4,3.7,-0.85,2.45,1.95,1,0
matthieu pavon,-1.84,0.29,0.98,-0.28,0.99,-0.84,2,0
matthieu pavon,-0.16,0.58,1.34,-0.07,1.84,1.69,3,0
matthieu pavon,-0.15,0.72,-2.24,1.08,-0.43,-0.59,4,0
neal shipley,0.74,-0.8,2.18,0.83,2.21,2.95,1,0
neal shipley,1.63,-1.39,-3.68,1.6,-3.47,-1.84,2,0
neal shipley,2.26,-0.33,-3.68,1.44,-2.57,-0.31,3,0
neal shipley,1.45,-0.39,-0.66,1.01,-0.03,1.41,4,0
adrien saddier,0.61,0.81,2.37,-0.83,2.35,2.95,1,0
adrien saddier,-0.46,0.01,-2.25,0.86,-1.38,-1.84,2,0
adrien saddier,-0.12,-0.42,1.66,0.57,1.81,1.69,3,0
adrien saddier,-0.04,-0.74,-0.55,0.74,-0.55,-0.59,4,0
fabian gomez,1.53,-0.7,1.14,-0.02,0.42,1.95,1,0
fabian gomez,-0.19,0,0.35,-1.01,-0.65,-0.84,2,0
fabian gomez,-0.86,0.45,1.15,-0.05,1.55,0.69,3,0
fabian gomez,-0.72,-0.07,0.06,0.15,0.13,-0.59,4,0
taylor pendrith,1.89,-0.2,1.18,-0.92,0.07,1.95,1,0
taylor pendrith,-0.76,-0.17,2.43,-0.36,1.91,1.16,2,0
taylor pendrith,-0.92,-0.5,-0.99,0.1,-1.39,-2.31,3,0
taylor pendrith,-0.09,0.02,0.39,0.09,0.5,0.41,4,0
patrick rodgers,0.64,-0.36,0.73,-0.06,0.32,0.95,1,0
patrick rodgers,0.33,0.91,0.36,1.55,2.83,3.16,2,0
patrick rodgers,-0.92,0.55,0.19,-0.13,0.61,-0.31,3,0
patrick rodgers,-2.51,-0.45,0.33,0.05,-0.07,-2.59,4,0
patrick fishburn,-1.92,1.9,1.44,1.53,4.87,2.95,1,0
patrick fishburn,2.06,1.35,-1.09,-1.16,-0.9,1.16,2,0
patrick fishburn,0.11,0.79,-0.13,-1.09,-0.42,-0.31,3,0
patrick fishburn,-0.77,-1.69,-0.74,0.61,-1.82,-2.59,4,0
justin lower,2.87,-1.54,-0.48,0.1,-1.91,0.95,1,0
justin lower,0.03,-0.43,0.2,0.37,0.13,0.16,2,0
justin lower,-0.57,0.09,2.82,-0.66,2.25,1.69,3,0
justin lower,0.27,-0.32,0.97,-2.51,-1.85,-1.59,4,0
john parry,-2.01,0.87,1.53,0.56,2.96,0.95,1,0
john parry,1.13,1.37,0.48,-0.83,1.03,2.16,2,0
john parry,-1.14,-0.39,-0.15,0.37,-0.17,-1.31,3,0
john parry,0.41,1.12,-0.66,-1.46,-1,-0.59,4,0
dan brown,-0.57,-0.01,0.19,0.35,0.52,-0.05,1,0
dan brown,-1.3,0.43,0.56,1.47,2.45,1.16,2,0
dan brown,-3.44,-1.76,3.13,0.75,2.12,-1.31,3,0
dan brown,3.13,-1.45,0.56,-0.83,-1.72,1.41,4,0
troy merritt,0.89,0.97,0.66,-0.57,1.06,1.95,1,0
troy merritt,0.02,1.24,0.92,-1.02,1.14,1.16,2,0
troy merritt,2.61,-0.43,-0.39,-1.1,-1.93,0.69,3,0
troy merritt,-0.18,-0.94,-1.67,-0.79,-3.41,-3.59,4,0
tom kim,0.93,0.1,-0.46,0.38,0.03,0.95,1,0
tom kim,-1.87,-0.48,3.46,0.05,3.03,1.16,2,0
tom kim,-2.47,0.23,2.6,-0.68,2.15,-0.31,3,0
tom kim,-2.94,1.91,-0.24,-0.31,1.36,-1.59,4,0
adam svensson,0.29,-0.56,0.41,0.81,0.66,0.95,1,0
adam svensson,-0.26,1.43,-0.47,-0.54,0.42,0.16,2,0
adam svensson,-0.32,-0.71,-0.85,-0.43,-2,-2.31,3,0
adam svensson,0.26,2.6,0.06,-1.5,1.16,1.41,4,0
charley hoffman,0.53,0.12,-0.27,0.57,0.42,0.95,1,0
charley hoffman,3.16,0.36,-0.67,-0.69,-1,2.16,2,0
charley hoffman,-1.75,-1.14,2.04,0.54,1.44,-0.31,3,0
charley hoffman,-0.64,-0.94,1,-2,-1.95,-2.59,4,0
jeffrey kang,-0.46,0.44,0.3,0.67,1.41,0.95,1,0
jeffrey kang,-2.38,1.37,0.95,1.22,3.54,1.16,2,0
jeffrey kang,-0.56,0.96,-0.01,0.29,1.25,0.69,3,0
jeffrey kang,0.2,-2.48,-0.68,0.37,-2.79,-2.59,4,0
jonathan byrd,1.7,1.27,0.15,-1.17,0.25,1.95,1,0
jonathan byrd,3.21,1.5,-2.6,-2.95,-4.05,-0.84,2,0
jonathan byrd,-0.14,1.22,-1.07,-0.33,-0.18,-0.31,3,0
jonathan byrd,-1.4,1.7,-0.97,-0.93,-0.19,-1.59,4,0
chad ramey,0.91,0.3,0.32,0.43,1.05,1.95,1,0
chad ramey,0.63,0.18,1.4,-0.06,1.53,2.16,2,0
chad ramey,-3.67,-0.54,-0.13,0.03,-0.65,-4.31,3,0
chad ramey,-0.29,0.76,0.83,-1.89,-0.3,-0.59,4,0
jordan smith,0.76,-0.54,2.04,-0.31,1.2,1.95,1,0
jordan smith,-0.26,-0.2,2.32,-0.7,1.42,1.16,2,0
jordan smith,-0.89,0.37,-1.69,0.89,-0.42,-1.31,3,0
jordan smith,-0.86,-2.13,0.34,0.06,-1.73,-2.59,4,0
thorbjorn olesen,-1.88,0.04,-0.74,0.53,-0.17,-2.05,1,0
thorbjorn olesen,1.52,1.21,-0.58,1.01,1.63,3.16,2,0
thorbjorn olesen,0.01,0.29,-0.6,-0.01,-0.32,-0.31,3,0
thorbjorn olesen,0.68,-0.34,-2.53,-0.39,-3.26,-2.59,4,0
hank lebioda,1.35,2.06,0.22,0.32,2.6,3.95,1,0
hank lebioda,0.97,0.25,-1,-0.07,-0.81,0.16,2,0
hank lebioda,0.46,-0.95,-0.05,-1.77,-2.77,-2.31,3,0
hank lebioda,-3.9,-0.19,1.21,-0.7,0.31,-3.59,4,0
rasmus hojgaard,-2.83,0.2,0.97,0.61,1.78,-1.05,1,0
rasmus hojgaard,0.53,0.46,1.02,1.15,2.63,3.16,2,0
rasmus hojgaard,1.48,-0.67,-2.22,1.1,-1.8,-0.31,3,0
rasmus hojgaard,-3.1,0.55,-1.7,0.65,-0.49,-3.59,4,0
yongjun bae,-0.27,0.89,0.12,0.22,1.23,0.95,1,0
yongjun bae,3.34,-0.73,-0.34,-0.11,-1.18,2.16,2,0
yongjun bae,-0.43,-0.92,-0.31,-0.66,-1.89,-2.31,3,0
yongjun bae,-0.08,0.3,-1.4,-1.41,-2.51,-2.59,4,0
mackenzie hughes,0.82,0.39,1.93,0.82,3.14,3.95,1,0
mackenzie hughes,-0.36,1.5,0.41,-2.39,-0.48,-0.84,2,0
mackenzie hughes,-1.42,1.63,-2.57,-0.95,-1.89,-3.31,3,0
mackenzie hughes,1.41,0.07,-1.4,-2.66,-4,-2.59,4,0
lanto griffin,1.79,0.42,1.31,0.44,2.17,3.95,1,0
lanto griffin,0.8,-1.44,-0.65,0.45,-1.64,-0.84,2,0
lanto griffin,-1.59,-0.15,-3.61,0.03,-3.73,-5.31,3,0
lanto griffin,-2.89,-0.95,0.88,0.37,0.3,-2.59,4,0
john vanderlaan,-0.33,0.76,0.85,0.67,2.28,1.95,1,0
john vanderlaan,0.32,0.43,-0.55,0.95,0.84,1.16,2,0
john vanderlaan,0.56,-0.63,-1.31,-0.94,-2.87,-2.31,3,0
john vanderlaan,-2.03,-0.5,-3.75,0.69,-3.56,-5.59,4,0
zac blair,-0.55,-0.22,0.58,-0.85,-0.49,-1.05,1,0
zac blair,0.96,0.59,1.24,0.37,2.19,3.16,2,0
zac blair,-0.19,-0.5,-1.58,-1.04,-3.12,-3.31,3,0
zac blair,-3.14,-0.92,0.41,-0.94,-1.45,-4.59,4,0
danny willett,-0.57,1.39,-1.05,0.18,0.53,-0.05,1,0
danny willett,-0.8,0.85,0.91,0.19,1.95,1.16,2,0
danny willett,-0.79,-0.94,0.74,-0.32,-0.52,-1.31,3,0
danny willett,-1.53,-0.68,-0.47,-3.91,-5.05,-6.59,4,0
christiaan bezuidenhout,2.77,-0.85,-0.34,-0.63,-1.81,0.95,1,0
christiaan bezuidenhout,-0.87,0.95,0.3,-1.23,0.03,-0.84,2,0
christiaan bezuidenhout,0,0,0,0,0,0,3,0
christiaan bezuidenhout,0,0,0,0,0,0,4,0
scott piercy,0.38,1.07,-3.66,0.16,-2.43,-2.05,1,0
scott piercy,-1.26,1.12,1.42,0.87,3.41,2.16,2,0
scott piercy,0,0,0,0,0,0,3,0
scott piercy,0,0,0,0,0,0,4,0
haotong li,0.13,-0.29,0.84,0.27,0.82,0.95,1,0
haotong li,-1.73,0.22,1.22,-0.56,0.89,-0.84,2,0
haotong li,0,0,0,0,0,0,3,0
haotong li,0,0,0,0,0,0,4,0
hayden springer,-1.4,0.64,-0.72,0.43,0.36,-1.05,1,0
hayden springer,-1.88,1.01,1.58,0.45,3.04,1.16,2,0
hayden springer,0,0,0,0,0,0,3,0
hayden springer,0,0,0,0,0,0,4,0
nick hardy,-1.18,1.76,-1.07,0.45,1.14,-0.05,1,0
nick hardy,0.83,-0.35,-0.73,0.41,-0.68,0.16,2,0
nick hardy,0,0,0,0,0,0,3,0
nick hardy,0,0,0,0,0,0,4,0
zecheng dou,1.83,0.41,0.22,-1.5,-0.88,0.95,1,0
zecheng dou,-0.57,-0.99,0.56,0.17,-0.27,-0.84,2,0
zecheng dou,0,0,0,0,0,0,3,0
zecheng dou,0,0,0,0,0,0,4,0
carson young,1.2,-1.52,-0.26,-0.46,-2.24,-1.05,1,0
carson young,0.81,0.6,1.26,-1.51,0.35,1.16,2,0
carson young,0,0,0,0,0,0,3,0
carson young,0,0,0,0,0,0,4,0
michael thorbjornsen,0.68,1.29,1.75,1.24,4.28,4.95,1,0
michael thorbjornsen,-2.29,-0.99,-3.6,2.04,-2.56,-4.84,2,0
michael thorbjornsen,0,0,0,0,0,0,3,0
michael thorbjornsen,0,0,0,0,0,0,4,0
michael brennan,2.39,-0.71,-1.51,0.77,-1.44,0.95,1,0
michael brennan,-3.13,0.93,0.1,1.26,2.29,-0.84,2,0
michael brennan,0,0,0,0,0,0,3,0
michael brennan,0,0,0,0,0,0,4,0
jackson buchanan,-0.5,0.86,-0.41,-0.01,0.45,-0.05,1,0
jackson buchanan,0.4,0.55,-2.02,1.23,-0.24,0.16,2,0
jackson buchanan,0,0,0,0,0,0,3,0
jackson buchanan,0,0,0,0,0,0,4,0
kevin yu,0.01,0.85,-0.81,-0.1,-0.06,-0.05,1,0
kevin yu,0.03,-1.72,-0.13,0.98,-0.87,-0.84,2,0
kevin yu,0,0,0,0,0,0,3,0
kevin yu,0,0,0,0,0,0,4,0
lee hodges,-1.1,-0.2,0.42,-0.16,0.06,-1.05,1,0
lee hodges,0.56,0.15,0.52,-1.08,-0.41,0.16,2,0
lee hodges,0,0,0,0,0,0,3,0
lee hodges,0,0,0,0,0,0,4,0
patton kizzire,0.25,1.38,0.59,-1.27,0.71,0.95,1,0
patton kizzire,-1.22,0.33,2.3,-3.25,-0.62,-1.84,2,0
patton kizzire,0,0,0,0,0,0,3,0
patton kizzire,0,0,0,0,0,0,4,0
max mcgreevy,0.4,-0.14,0.52,0.17,0.56,0.95,1,0
max mcgreevy,-2.55,0.3,0.39,0.02,0.7,-1.84,2,0
max mcgreevy,0,0,0,0,0,0,3,0
max mcgreevy,0,0,0,0,0,0,4,0
vince whaley,0.93,-0.6,1.37,-0.75,0.02,0.95,1,0
vince whaley,1.17,-1.18,-1.81,-0.01,-3.01,-1.84,2,0
vince whaley,0,0,0,0,0,0,3,0
vince whaley,0,0,0,0,0,0,4,0
nick dunlap,-3.15,-0.54,-0.87,0.51,-0.9,-4.05,1,0
nick dunlap,0.49,0.62,2.31,-0.27,2.67,3.16,2,0
nick dunlap,0,0,0,0,0,0,3,0
nick dunlap,0,0,0,0,0,0,4,0
noah goodwin,0.35,0.14,-1.38,0.84,-0.4,-0.05,1,0
noah goodwin,-1.47,-1.33,1.48,0.47,0.63,-0.84,2,0
noah goodwin,0,0,0,0,0,0,3,0
noah goodwin,0,0,0,0,0,0,4,0
kris ventura,-2.52,0.35,-1.61,0.72,-0.53,-3.05,1,0
kris ventura,0.75,1.26,-1.58,1.72,1.41,2.16,2,0
kris ventura,0,0,0,0,0,0,3,0
kris ventura,0,0,0,0,0,0,4,0
jeremy paul,0.3,0.57,-2.14,1.22,-0.35,-0.05,1,0
jeremy paul,-1.98,0.38,2,-1.24,1.14,-0.84,2,0
jeremy paul,0,0,0,0,0,0,3,0
jeremy paul,0,0,0,0,0,0,4,0
karl vilips,-0.18,0.16,0.43,-1.46,-0.87,-1.05,1,0
karl vilips,-0.1,1.78,-0.92,-0.6,0.26,0.16,2,0
karl vilips,0,0,0,0,0,0,3,0
karl vilips,0,0,0,0,0,0,4,0
davis chatfield,0.11,-0.13,1.86,-0.89,0.84,0.95,1,0
davis chatfield,-0.32,-0.61,0.39,-1.3,-1.52,-1.84,2,0
davis chatfield,0,0,0,0,0,0,3,0
davis chatfield,0,0,0,0,0,0,4,0
will gordon,-0.73,-1.64,0.88,0.45,-0.31,-1.05,1,0
will gordon,0.13,-0.24,-0.32,0.59,0.03,0.16,2,0
will gordon,0,0,0,0,0,0,3,0
will gordon,0,0,0,0,0,0,4,0
mason howell,1.81,-1.17,-1.36,1.68,-0.85,0.95,1,0
mason howell,0.16,-0.04,-3.1,1.13,-2,-1.84,2,0
mason howell,0,0,0,0,0,0,3,0
mason howell,0,0,0,0,0,0,4,0
william sides,-1.72,-1.92,-1.28,0.88,-2.33,-4.05,1,0
william sides,0.55,-0.1,2.2,0.5,2.6,3.16,2,0
william sides,0,0,0,0,0,0,3,0
william sides,0,0,0,0,0,0,4,0
ben martin,3.05,-1,-1.66,-0.43,-3.1,-0.05,1,0
ben martin,-0.14,0.18,-0.73,-1.15,-1.7,-1.84,2,0
ben martin,0,0,0,0,0,0,3,0
ben martin,0,0,0,0,0,0,4,0
billy horschel,-1.34,0.42,-0.37,0.24,0.29,-1.05,1,0
billy horschel,1.02,-2.13,-0.09,0.35,-1.87,-0.84,2,0
billy horschel,0,0,0,0,0,0,3,0
billy horschel,0,0,0,0,0,0,4,0
matti schmid,-1.68,-1.03,1.41,0.24,0.63,-1.05,1,0
matti schmid,-2.08,-1.01,0.57,1.68,1.24,-0.84,2,0
matti schmid,0,0,0,0,0,0,3,0
matti schmid,0,0,0,0,0,0,4,0
k.h. lee,0.12,-0.84,1.34,-0.67,-0.17,-0.05,1,0
k.h. lee,-1.43,0.28,-1.77,1.08,-0.41,-1.84,2,0
k.h. lee,0,0,0,0,0,0,3,0
k.h. lee,0,0,0,0,0,0,4,0
aaron wise,1.4,-0.45,0.02,-2.01,-2.44,-1.05,1,0
aaron wise,-1.27,1,0.3,-0.88,0.43,-0.84,2,0
aaron wise,0,0,0,0,0,0,3,0
aaron wise,0,0,0,0,0,0,4,0
beau hossler,2.75,0.91,-0.95,0.25,0.2,2.95,1,0
beau hossler,-0.5,-3.29,-0.68,-0.38,-4.35,-4.84,2,0
beau hossler,0,0,0,0,0,0,3,0
beau hossler,0,0,0,0,0,0,4,0
dylan wu,-0.32,0.92,1.92,-2.57,0.27,-0.05,1,0
dylan wu,-0.45,-1.48,0.45,-0.36,-1.39,-1.84,2,0
dylan wu,0,0,0,0,0,0,3,0
dylan wu,0,0,0,0,0,0,4,0
alejandro tosti,-1.38,0.05,-1.32,1.6,0.33,-1.05,1,0
alejandro tosti,-0.32,-0.65,-0.24,0.37,-0.53,-0.84,2,0
alejandro tosti,0,0,0,0,0,0,3,0
alejandro tosti,0,0,0,0,0,0,4,0
chandler phillips,1.69,0.42,0.03,-2.19,-1.74,-0.05,1,0
chandler phillips,-0.22,1.26,-1.6,-1.28,-1.62,-1.84,2,0
chandler phillips,0,0,0,0,0,0,3,0
chandler phillips,0,0,0,0,0,0,4,0
paul peterson,-2.23,-0.04,1.53,-0.31,1.18,-1.05,1,0
paul peterson,-2.2,-0.61,1.92,0.05,1.36,-0.84,2,0
paul peterson,0,0,0,0,0,0,3,0
paul peterson,0,0,0,0,0,0,4,0
david skinns,-1.39,-0.32,1.16,0.51,1.34,-0.05,1,0
david skinns,-1.61,-1.32,1.66,-0.58,-0.24,-1.84,2,0
david skinns,0,0,0,0,0,0,3,0
david skinns,0,0,0,0,0,0,4,0
adrien dumont de chassart,0.64,0.5,-1.04,-1.14,-1.69,-1.05,1,0
adrien dumont de chassart,0.1,1.33,-0.38,-1.89,-0.94,-0.84,2,0
adrien dumont de chassart,0,0,0,0,0,0,3,0
adrien dumont de chassart,0,0,0,0,0,0,4,0
marcelo rozo,-1.84,-0.37,0.74,0.43,0.8,-1.05,1,0
marcelo rozo,-0.92,-0.58,0.22,0.44,0.08,-0.84,2,0
marcelo rozo,0,0,0,0,0,0,3,0
marcelo rozo,0,0,0,0,0,0,4,0
keita nakajima,-1.87,-0.46,0.15,1.14,0.83,-1.05,1,0
keita nakajima,-1.9,1.13,0.14,-0.21,1.06,-0.84,2,0
keita nakajima,0,0,0,0,0,0,3,0
keita nakajima,0,0,0,0,0,0,4,0
ronin banerjee,-1.45,0.79,-1.23,-0.15,-0.59,-2.05,1,0
ronin banerjee,0.3,-0.66,0.53,-0.01,-0.14,0.16,2,0
ronin banerjee,0,0,0,0,0,0,3,0
ronin banerjee,0,0,0,0,0,0,4,0
matt kuchar,0.06,0,0.93,-1.03,-0.1,-0.05,1,0
matt kuchar,-1.8,0.4,-1.05,-0.39,-1.04,-2.84,2,0
matt kuchar,0,0,0,0,0,0,3,0
matt kuchar,0,0,0,0,0,0,4,0
martin laird,0.15,1.21,-2.49,0.09,-1.2,-1.05,1,0
martin laird,-1.63,0.19,-1.13,0.72,-0.21,-1.84,2,0
martin laird,0,0,0,0,0,0,3,0
martin laird,0,0,0,0,0,0,4,0
davis riley,0.36,-0.96,-1.31,0.86,-1.41,-1.05,1,0
davis riley,0,0.01,-2.38,0.53,-1.84,-1.84,2,0
davis riley,0,0,0,0,0,0,3,0
davis riley,0,0,0,0,0,0,4,0
cam davis,-2.33,-0.65,0.5,-2.57,-2.71,-5.05,1,0
cam davis,1.64,0.27,-0.03,0.27,0.51,2.16,2,0
cam davis,0,0,0,0,0,0,3,0
cam davis,0,0,0,0,0,0,4,0
ryan brehm,-0.17,-1,-0.11,0.24,-0.87,-1.05,1,0
ryan brehm,1.8,-2.09,-2.06,0.52,-3.64,-1.84,2,0
ryan brehm,0,0,0,0,0,0,3,0
ryan brehm,0,0,0,0,0,0,4,0
william mouw,-1.24,-1.8,-1.54,0.53,-2.81,-4.05,1,0
william mouw,-2.12,0.49,1.68,1.11,3.28,1.16,2,0
william mouw,0,0,0,0,0,0,3,0
william mouw,0,0,0,0,0,0,4,0
trace crowe,-1.17,-0.28,0.14,0.26,0.12,-1.05,1,0
trace crowe,0.52,-0.37,-1.94,-0.05,-2.36,-1.84,2,0
trace crowe,0,0,0,0,0,0,3,0
trace crowe,0,0,0,0,0,0,4,0
jhonattan vegas,-3.92,-0.93,-0.07,-0.13,-1.13,-5.05,1,0
jhonattan vegas,-0.4,0.11,0.06,1.39,1.56,1.16,2,0
jhonattan vegas,0,0,0,0,0,0,3,0
jhonattan vegas,0,0,0,0,0,0,4,0
adam hadwin,-1.86,-1.02,-2.04,-1.12,-4.19,-6.05,1,0
adam hadwin,0.36,0.05,0.88,0.87,1.8,2.16,2,0
adam hadwin,0,0,0,0,0,0,3,0
adam hadwin,0,0,0,0,0,0,4,0
joel dahmen,2.19,-1.17,-0.53,-1.53,-3.24,-1.05,1,0
joel dahmen,-2.74,-1.02,0.63,0.29,-0.1,-2.84,2,0
joel dahmen,0,0,0,0,0,0,3,0
joel dahmen,0,0,0,0,0,0,4,0
taylor montgomery,-0.63,0.76,0.2,-2.38,-1.42,-2.05,1,0
taylor montgomery,-0.43,1.75,-2.04,-1.12,-1.41,-1.84,2,0
taylor montgomery,0,0,0,0,0,0,3,0
taylor montgomery,0,0,0,0,0,0,4,0
harry higgs,1.11,-0.57,-0.96,-0.62,-2.15,-1.05,1,0
harry higgs,-2.78,-0.27,-0.6,0.8,-0.07,-2.84,2,0
harry higgs,0,0,0,0,0,0,3,0
harry higgs,0,0,0,0,0,0,4,0
danny walker,-2.41,0.8,0.11,-0.56,0.36,-2.05,1,0
danny walker,-0.49,-1.73,1.32,-0.94,-1.35,-1.84,2,0
danny walker,0,0,0,0,0,0,3,0
danny walker,0,0,0,0,0,0,4,0
kevin streelman,-1.24,-1.79,-3.1,-0.91,-5.81,-7.05,1,0
kevin streelman,0.64,0.72,-0.14,0.94,1.51,2.16,2,0
kevin streelman,0,0,0,0,0,0,3,0
kevin streelman,0,0,0,0,0,0,4,0
adam schenk,-2,-0.99,-2.85,-0.2,-4.04,-6.05,1,0
adam schenk,-0.32,-0.41,1.44,0.44,1.47,1.16,2,0
adam schenk,0,0,0,0,0,0,3,0
adam schenk,0,0,0,0,0,0,4,0
davis thompson,-0.2,-0.34,0.05,0.43,0.15,-0.05,1,0
davis thompson,-2.56,-0.09,-0.92,-1.27,-2.29,-4.84,2,0
davis thompson,0,0,0,0,0,0,3,0
davis thompson,0,0,0,0,0,0,4,0
ben kohles,-3.06,-0.14,-0.66,-0.19,-0.99,-4.05,1,0
ben kohles,-1.81,-0.76,0.96,0.77,0.96,-0.84,2,0
ben kohles,0,0,0,0,0,0,3,0
ben kohles,0,0,0,0,0,0,4,0
takumi kanaya,-1.1,0.1,-0.48,0.43,0.06,-1.05,1,0
takumi kanaya,-2.21,-0.19,-1.23,-0.22,-1.64,-3.84,2,0
takumi kanaya,0,0,0,0,0,0,3,0
takumi kanaya,0,0,0,0,0,0,4,0
pontus nyholm,0.17,-0.69,1.81,-0.34,0.79,0.95,1,0
pontus nyholm,1.4,-2.11,-1.76,-3.37,-7.24,-5.84,2,0
pontus nyholm,0,0,0,0,0,0,3,0
pontus nyholm,0,0,0,0,0,0,4,0
jimmy stanger,-1.02,0.18,-4.36,0.15,-4.03,-5.05,1,0
jimmy stanger,-0.16,0,-0.44,0.75,0.31,0.16,2,0
jimmy stanger,0,0,0,0,0,0,3,0
jimmy stanger,0,0,0,0,0,0,4,0
chandler blanchet,-0.2,-1.28,0.53,-0.11,-0.85,-1.05,1,0
chandler blanchet,-2.53,-0.11,-1.37,0.17,-1.31,-3.84,2,0
chandler blanchet,0,0,0,0,0,0,3,0
chandler blanchet,0,0,0,0,0,0,4,0
james hahn,-2.06,0.57,-1.69,0.14,-0.98,-3.05,1,0
james hahn,-0.91,-1.54,-0.94,0.55,-1.94,-2.84,2,0
james hahn,0,0,0,0,0,0,3,0
james hahn,0,0,0,0,0,0,4,0
brice garnett,-0.54,-0.63,0.38,-1.25,-1.5,-2.05,1,0
brice garnett,-0.78,-0.87,-1.68,-1.51,-4.06,-4.84,2,0
brice garnett,0,0,0,0,0,0,3,0
brice garnett,0,0,0,0,0,0,4,0
rafael campos,-0.69,-5.34,0.75,-0.76,-5.36,-6.05,1,0
rafael campos,0.63,-0.75,-0.29,-0.44,-1.47,-0.84,2,0
rafael campos,0,0,0,0,0,0,3,0
rafael campos,0,0,0,0,0,0,4,0
christo lamprecht,0.17,0.49,-1.85,-0.85,-2.22,-2.05,1,0
christo lamprecht,-1.59,-0.57,-3.25,0.57,-3.25,-4.84,2,0
christo lamprecht,0,0,0,0,0,0,3,0
christo lamprecht,0,0,0,0,0,0,4,0
preston stout,0.09,-2.03,1.21,0.69,-0.13,-0.05,1,0
preston stout,-2.54,-2.68,-1.77,-0.84,-5.3,-7.84,2,0
preston stout,0,0,0,0,0,0,3,0
preston stout,0,0,0,0,0,0,4,0
austin cook,-5.04,-0.04,-1.8,-0.17,-2.01,-7.05,1,0
austin cook,-0.19,0.07,-0.64,-1.08,-1.65,-1.84,2,0
austin cook,0,0,0,0,0,0,3,0
austin cook,0,0,0,0,0,0,4,0
henrik norlander,0.1,-2.86,-3.27,-0.02,-6.14,-6.05,1,0
henrik norlander,-0.64,-0.72,1.05,-2.54,-2.21,-2.84,2,0
henrik norlander,0,0,0,0,0,0,3,0
henrik norlander,0,0,0,0,0,0,4,0
kevin roy,-1.27,-1.74,-0.76,-2.28,-4.77,-6.05,1,0
kevin roy,-0.2,0.59,-1.31,-1.92,-2.64,-2.84,2,0
kevin roy,0,0,0,0,0,0,3,0
kevin roy,0,0,0,0,0,0,4,0
joe highsmith,-0.89,-0.99,-1.79,0.62,-2.16,-3.05,1,0
joe highsmith,2.04,-2.63,-3.41,-2.84,-8.88,-6.84,2,0
joe highsmith,0,0,0,0,0,0,3,0
joe highsmith,0,0,0,0,0,0,4,0
ryan palmer,-0.41,-1.49,-6.72,0.57,-7.63,-8.05,1,0
ryan palmer,1.13,-1.03,-2.29,-0.65,-3.97,-2.84,2,0
ryan palmer,0,0,0,0,0,0,3,0
ryan palmer,0,0,0,0,0,0,4,0
gordon sargent,-0.99,-0.21,-1.8,-1.04,-3.06,-4.05,1,0
gordon sargent,0.18,-1.55,-5.26,-0.21,-7.02,-6.84,2,0
gordon sargent,0,0,0,0,0,0,3,0
gordon sargent,0,0,0,0,0,0,4,0
greg gregory,-4.3,0.71,-1.65,-0.81,-1.75,-6.05,1,0
greg gregory,-0.13,-0.59,-2.83,-3.29,-6.71,-6.84,2,0
greg gregory,0,0,0,0,0,0,3,0
greg gregory,0,0,0,0,0,0,4,0
alex huang,-2.05,-0.4,-3,-1.59,-4.99,-7.05,1,0
alex huang,1.6,-3.03,-3.91,-1.51,-8.44,-6.84,2,0
alex huang,0,0,0,0,0,0,3,0
alex huang,0,0,0,0,0,0,4,0
adam headley,0.08,-1.3,-4.28,-1.54,-7.13,-7.05,1,0
adam headley,-2.8,-0.91,-4.34,-1.8,-7.04,-9.84,2,0
adam headley,0,0,0,0,0,0,3,0
adam headley,0,0,0,0,0,0,4,0
nathan petronzio,-0.72,-1.43,-7.31,-1.59,-10.32,-11.05,1,0
nathan petronzio,-1.21,0.06,-4.49,-1.21,-5.63,-6.84,2,0
nathan petronzio,0,0,0,0,0,0,3,0
nathan petronzio,0,0,0,0,0,0,4,0
cameron champ,-0.1,-0.63,-3.58,-0.74,-4.95,-5.05,1,0
cameron champ,0,0,0,0,0,0,2,0
cameron champ,0,0,0,0,0,0,3,0
cameron champ,0,0,0,0,0,0,4,0
