Player,SG Putting,SG Around Green,SG Approach,SG Off The Tee,SG Tee To Green,SG Total,Scrambling,Rounds
aaron rai,2.6,-0.29,-0.23,0.19,-0.34,2.26,0.375,1
aaron rai,0.2,0.13,2.23,1.05,3.41,3.61,0.5,2
aaron rai,0.12,0.36,3.61,-1.1,2.88,3,0.3333,3
aaron rai,3.93,-0.31,1.32,0.67,1.68,5.61,0.5,4
jon rahm,-1.05,2.58,0.99,0.74,4.32,3.26,0.625,1
jon rahm,1.15,1.21,0.04,0.21,1.46,2.61,0.6,2
jon rahm,0.38,0.74,0.32,1.56,2.62,3,0.6667,3
jon rahm,1.47,0,-0.28,1.42,1.14,2.61,0,4
alex smalley,3.34,0.46,1.62,-0.15,1.93,5.26,0.25,1
alex smalley,2.49,-0.14,0.95,0.32,1.12,3.61,0.625,2
alex smalley,1.25,0.75,-0.06,0.06,0.75,2,0.5,3
alex smalley,0.32,-0.85,0.19,0.94,0.29,0.61,0.5,4
justin thomas,2.57,-1.09,0.91,0.88,0.69,3.26,0.6,1
justin thomas,0.48,0.66,2.39,0.08,3.13,3.61,0.625,2
justin thomas,0.06,0.17,-1.11,-1.12,-2.06,-2,0.3,3
justin thomas,3.81,0.08,1.47,0.25,1.8,5.61,0.75,4
ludvig aberg,-1.01,0.77,0.68,-0.17,1.28,0.26,0.7143,1
ludvig aberg,1.62,0.31,3.46,1.22,4.99,6.61,1,2
ludvig aberg,-1.74,0.39,1.15,2.2,3.74,2,0.8,3
ludvig aberg,0.23,0.81,-0.17,0.74,1.38,1.61,0.4,4
matti schmid,1.04,-0.23,2.5,-0.05,2.22,3.26,0.5,1
matti schmid,0.19,1.41,-0.28,-0.71,0.42,0.61,0.6667,2
matti schmid,4.15,-0.22,1.02,0.05,0.85,5,0.8,3
matti schmid,2.33,1.35,-2.14,0.08,-0.72,1.61,0.6,4
cameron smith,3.85,-0.46,0.51,-0.63,-0.58,3.26,0.2,1
cameron smith,0.04,1.22,1.52,-1.16,1.57,1.61,0.4286,2
cameron smith,0.32,0.79,1.41,-0.51,1.69,2,0.6667,3
cameron smith,0.26,1.2,2.37,-1.23,2.35,2.61,1,4
rory mcilroy,-0.76,-0.13,-0.94,0.1,-0.98,-1.74,0.1667,1
rory mcilroy,2.18,0.73,1.34,1.36,3.43,5.61,1,2
rory mcilroy,1.6,-0.1,0.73,1.77,2.4,4,0.6,3
rory mcilroy,2.29,-0.65,-0.35,0.33,-0.68,1.61,0.75,4
xander schauffele,1.45,0.93,0.33,1.55,2.81,4.26,0.4,1
xander schauffele,1.29,-1.01,-1.81,1.14,-1.68,-0.39,0.375,2
xander schauffele,2.88,0.76,-1.02,1.39,1.12,4,0.6667,3
xander schauffele,1.87,-0.45,0.78,-0.59,-0.26,1.61,0.5,4
patrick reed,0.65,0.15,3.75,-0.29,3.61,4.26,1,1
patrick reed,-0.08,0.81,0.09,-0.21,0.69,0.61,0.6667,2
patrick reed,0.8,1.47,1.48,-0.74,2.21,3,0.7143,3
patrick reed,-0.79,0.45,0.63,0.32,1.4,0.61,0.6667,4
justin rose,0.45,2.16,1.11,-1.46,1.81,2.26,0.8333,1
justin rose,0.78,0.71,-0.55,-1.33,-1.17,-0.39,0.375,2
justin rose,1.13,0.14,3.32,0.42,3.88,5,0.5,3
justin rose,0.66,1.65,-0.19,-0.51,0.95,1.61,0.8571,4
kurt kitayama,-0.95,0.85,1.34,1.02,3.21,2.26,0.6,1
kurt kitayama,0.67,2.52,-0.32,0.73,2.94,3.61,0.75,2
kurt kitayama,-1.9,-3.85,-1.04,1.79,-3.1,-5,0.1429,3
kurt kitayama,5.23,0.8,1.14,0.44,2.38,7.61,1,4
chris gotterup,-0.28,-0.46,-0.25,1.26,0.54,0.26,0.1667,1
chris gotterup,2.71,0.97,3.15,0.78,4.9,7.61,1,2
chris gotterup,0.72,-0.98,-1.2,0.46,-1.72,-1,0.6667,3
chris gotterup,-0.21,0.1,0.03,1.69,1.82,1.61,1,4
matt fitzpatrick,-0.38,1.58,1.05,0.01,2.64,2.26,1,1
matt fitzpatrick,-1.85,0.91,1.09,0.47,2.46,0.61,0.6,2
matt fitzpatrick,-0.79,0.95,-0.47,-0.69,-0.21,-1,0.4444,3
matt fitzpatrick,3.98,0.18,0.8,0.64,1.63,5.61,1,4
scottie scheffler,3.37,0.07,0.57,1.25,1.89,5.26,0.8,1
scottie scheffler,-1.5,0.02,3.03,0.06,3.11,1.61,0.4,2
scottie scheffler,-2.29,-0.24,0.21,1.33,1.29,-1,0.6,3
scottie scheffler,-1.26,0.28,1.54,1.05,2.87,1.61,0.5,4
ben griffin,2.64,-0.44,-0.74,-0.21,-1.38,1.26,0.4286,1
ben griffin,0.69,1.47,-1.04,1.48,1.92,2.61,0.6,2
ben griffin,0.54,1.42,1.03,0.02,2.46,3,0.6667,3
ben griffin,0.94,-0.91,-0.43,1.01,-0.33,0.61,0.6,4
max greyserman,0.04,2.08,1.18,0.96,4.22,4.26,0.6667,1
max greyserman,1.06,1.88,-0.02,0.69,2.55,3.61,0.8571,2
max greyserman,-0.06,-0.41,-1.13,0.59,-0.94,-1,0.6667,3
max greyserman,0.12,0.84,-0.21,-0.13,0.49,0.61,0.4,4
padraig harrington,-1.81,1.17,1.24,-2.33,0.07,-1.74,0.5,1
padraig harrington,0.47,0.35,3.32,-0.53,3.13,3.61,0.5,2
padraig harrington,1.28,0.98,0.88,-0.14,1.72,3,0.8571,3
padraig harrington,0.44,1.92,-1.27,0.53,1.17,1.61,0.5714,4
harris english,0.32,0.34,0.76,-0.15,0.95,1.26,0.4,1
harris english,1.78,0.28,2.77,0.78,3.83,5.61,0.6667,2
harris english,1.53,-1.45,-1.82,0.73,-2.53,-1,0.4286,3
harris english,-0.72,0.81,0.82,-0.3,1.33,0.61,0.4286,4
jordan spieth,0.41,-0.52,1.43,1.94,2.85,3.26,0.6667,1
jordan spieth,-2.11,1.07,0.59,1.06,2.72,0.61,0.5,2
jordan spieth,-0.86,1.76,-0.2,-0.7,0.86,0,0.8333,3
jordan spieth,-0.76,2.46,-0.01,0.92,3.37,2.61,0.8,4
joaquin niemann,-0.58,0.26,2.5,1.08,3.84,3.26,0.5,1
joaquin niemann,-2,0.45,0.63,0.53,1.61,-0.39,0.3333,2
joaquin niemann,1.18,-0.25,1.36,1.72,2.83,4,0.4,3
joaquin niemann,0.14,-1.67,-0.06,1.19,-0.53,-0.39,0.2,4
maverick mcnealy,1.02,0.99,1.34,-0.09,2.25,3.26,0.6,1
maverick mcnealy,0.35,1.55,3.15,0.55,5.26,5.61,0.75,2
maverick mcnealy,-0.82,1.05,-1.49,0.26,-0.18,-1,0.6667,3
maverick mcnealy,0.7,-0.57,-0.24,-1.28,-2.09,-1.39,0.2,4
stephan jaeger,4.28,0.46,-0.19,0.71,0.98,5.26,0.75,1
stephan jaeger,0.82,-0.59,1.13,1.25,1.79,2.61,1,2
stephan jaeger,-1.4,0.22,0.42,-2.24,-1.6,-3,0.3333,3
stephan jaeger,1.58,0.02,-0.68,0.69,0.03,1.61,0.4,4
min woo lee,-0.16,1.84,1.9,1.69,5.42,5.26,0.75,1
min woo lee,0.4,1.15,0.84,0.23,2.21,2.61,0.6667,2
min woo lee,-0.71,-2.22,0.24,1.69,-0.29,-1,0.5,3
min woo lee,0.66,-0.12,-1.21,0.27,-1.05,-0.39,0.4286,4
david puig,-0.56,0.75,-1.02,2.09,1.83,1.26,0.4,1
david puig,4.02,-0.56,1.62,0.52,1.59,5.61,0.8,2
david puig,2.56,-0.38,-1.72,-1.46,-3.56,-1,0.4,3
david puig,0.3,-0.17,0.06,0.42,0.31,0.61,1,4
alex noren,1.37,1.54,-1.26,-0.38,-0.1,1.26,0.875,1
alex noren,0.98,-0.2,-1.2,0.02,-1.37,-0.39,0.625,2
alex noren,0.39,-0.25,0.63,-0.78,-0.39,0,0.4,3
alex noren,2.54,-0.3,2.36,0.01,2.07,4.61,0.6,4
tom hoge,0.79,0.76,-0.56,-0.72,-0.52,0.26,0.6667,1
tom hoge,1.07,0.38,1.37,-0.21,1.54,2.61,0.4,2
tom hoge,0.77,1.19,0.3,-0.25,1.23,2,0.5,3
tom hoge,1.14,-0.29,-0.18,-0.05,-0.53,0.61,0.4,4
hideki matsuyama,2.04,-0.84,0.76,0.31,0.23,2.26,0.6,1
hideki matsuyama,1.9,1.46,1.78,0.47,3.71,5.61,0.8,2
hideki matsuyama,-1.09,1.09,-0.16,-0.83,0.09,-1,0.4444,3
hideki matsuyama,0.16,0.46,-1.12,-0.89,-1.55,-1.39,0.2222,4
nick taylor,3.04,0.89,-0.91,0.24,0.22,3.26,0.875,1
nick taylor,1.58,0.22,-1.09,-0.1,-0.97,0.61,0.8,2
nick taylor,0.83,0.53,4.27,-0.63,4.17,5,1,3
nick taylor,-1.34,-0.41,-1.1,-0.54,-2.05,-3.39,0.2857,4
cameron young,1.51,-1.03,-0.91,1.69,-0.25,1.26,0.4286,1
cameron young,2.88,0.76,1.02,0.95,2.73,5.61,0.8,2
cameron young,-3.29,-0.6,1.2,0.7,1.29,-2,0,3
cameron young,0.48,-0.11,0.41,-0.16,0.13,0.61,0.3333,4
andrew novak,0.43,0.39,1.66,0.78,2.83,3.26,0.6,1
andrew novak,1.02,0.7,0.07,0.82,1.59,2.61,0.7143,2
andrew novak,-1.38,-0.43,2.36,-1.55,0.38,-1,0.2,3
andrew novak,-0.56,0.58,-0.05,0.64,1.17,0.61,0.4,4
bud cauley,1.46,0.67,1.23,-0.1,1.8,3.26,0.6667,1
bud cauley,0.92,-0.79,0.15,0.32,-0.31,0.61,0.2857,2
bud cauley,0.98,0.24,0.25,1.53,2.02,3,1,3
bud cauley,0.37,0.42,-0.2,-1.98,-1.76,-1.39,0.6,4
sam burns,0.38,0.38,1.86,-0.36,1.88,2.26,0.4,1
sam burns,1.38,-0.02,-1.12,0.36,-0.77,0.61,0.3333,2
sam burns,2,0.32,0.24,0.43,1,3,0.3333,3
sam burns,0.3,0.56,0.44,-1.69,-0.69,-0.39,0.7143,4
daniel hillier,1.21,0.07,-0.44,0.42,0.06,1.26,0.5714,1
daniel hillier,-0.74,1.86,2.58,-0.09,4.35,3.61,0.4,2
daniel hillier,-0.51,-1.19,1.88,-0.18,0.51,0,0.3333,3
daniel hillier,1.78,-0.74,-0.25,-0.17,-1.17,0.61,0.4,4
martin kaymer,2.43,0.4,2.36,0.07,2.83,5.26,0.75,1
martin kaymer,0.44,0.01,-1.5,-1.34,-2.83,-2.39,0.125,2
martin kaymer,-0.42,0.52,3.27,0.63,4.42,4,0.75,3
martin kaymer,0.08,-1.05,0.04,-1.46,-2.47,-2.39,0.5714,4
daniel berger,-1.8,0.17,0.35,-0.45,0.07,-1.74,0.5,1
daniel berger,1.57,1.38,-0.29,-0.04,1.04,2.61,0.5,2
daniel berger,0.62,0.79,-0.09,-0.32,0.38,1,0.8571,3
daniel berger,2.39,-0.21,-0.31,0.74,0.22,2.61,0.6667,4
christiaan bezuidenhout,0.45,1.03,-0.29,-0.93,-0.18,0.26,0.4286,1
christiaan bezuidenhout,3.15,-0.53,-1.41,-0.6,-2.54,0.61,0.6364,2
christiaan bezuidenhout,0.13,0.14,1.32,-1.59,-0.13,0,0,3
christiaan bezuidenhout,2.1,1.21,1.61,-1.3,1.51,3.61,0.5,4
patrick cantlay,-0.9,0.21,2.36,0.59,3.16,2.26,0.8,1
patrick cantlay,0.71,0.93,0.67,1.3,2.9,3.61,0.6667,2
patrick cantlay,-2.63,0.42,-1.13,-0.66,-1.37,-4,0.4286,3
patrick cantlay,1.64,0.94,0.06,-0.02,0.97,2.61,0.75,4
haotong li,0.91,-1.27,2.27,-0.65,0.35,1.26,0.6,1
haotong li,3.95,-0.48,-0.21,0.34,-0.34,3.61,0.6667,2
haotong li,-2.47,1.36,-0.2,0.31,1.47,-1,0.6,3
haotong li,-1.28,-0.6,1.74,0.75,1.89,0.61,0.3333,4
si woo kim,-0.14,0.22,0.23,0.95,1.4,1.26,0.2,1
si woo kim,2.41,1.27,1.06,0.87,3.2,5.61,0.875,2
si woo kim,-0.26,1.7,-3.47,0.03,-1.74,-2,0.375,3
si woo kim,-1.58,0.61,0.24,0.34,1.19,-0.39,0,4
ryan fox,0.62,0.68,0.96,0,1.64,2.26,0.5,1
ryan fox,1.02,-0.47,0.27,1.79,1.59,2.61,0.2857,2
ryan fox,-3.02,0.9,-1.26,1.38,1.02,-2,0.75,3
ryan fox,0.34,-0.14,0.95,0.47,1.27,1.61,0.5,4
aldrich potgieter,5.2,-0.47,1,-0.47,0.07,5.26,0.5714,1
aldrich potgieter,0.4,0.48,0.74,0.99,2.21,2.61,0.75,2
aldrich potgieter,-3.04,-0.75,0.4,0.39,0.04,-3,0.3333,3
aldrich potgieter,-2.27,1.33,-0.75,1.29,1.88,-0.39,0.5,4
ryo hisatsune,1.55,-0.21,1.75,2.18,3.71,5.26,0.25,1
ryo hisatsune,-0.91,0.04,-0.06,0.54,0.52,-0.39,0.5556,2
ryo hisatsune,-0.42,-1.04,-1.19,-0.35,-2.58,-3,0.2857,3
ryo hisatsune,0.06,0.13,1.75,0.67,2.55,2.61,0.6667,4
chris kirk,-3.7,0.64,2.33,-0.01,2.96,-0.74,0,1
chris kirk,0.26,-0.12,2.73,-0.26,2.35,2.61,0.4,2
chris kirk,2.91,-0.62,2.71,0,2.09,5,0.6,3
chris kirk,-1.41,2.22,-3,-1.2,-1.98,-3.39,0.5833,4
jhonattan vegas,-3.86,0.77,2.12,0.23,3.12,-0.74,0,1
jhonattan vegas,0.27,-0.11,-0.14,1.6,1.34,1.61,0.6,2
jhonattan vegas,-2.42,1.29,2.34,-0.21,3.42,1,0.6667,3
jhonattan vegas,-1.5,1.21,1.28,0.63,3.12,1.61,0.5,4
dustin johnson,0.07,-0.65,-0.34,1.18,0.2,0.26,0.6667,1
dustin johnson,2.42,0.6,1.53,-1.94,0.19,2.61,0.625,2
dustin johnson,-0.89,1.15,0.64,1.09,2.89,2,0.5714,3
dustin johnson,-0.56,-2.36,0.4,1.13,-0.83,-1.39,0.3333,4
shane lowry,0.72,2.27,1.25,0.02,3.54,4.26,0.6,1
shane lowry,-2.06,0.17,-2,0.48,-1.33,-3.39,0.375,2
shane lowry,0.34,0.39,-0.95,0.22,-0.34,0,0.4444,3
shane lowry,1.73,-0.38,1.02,0.23,0.88,2.61,0.6667,4
matt wallace,-0.63,0.83,0.12,0.95,1.89,1.26,0.8571,1
matt wallace,1.41,0.71,1.17,-1.68,0.2,1.61,0.5714,2
matt wallace,-0.72,0.18,-0.88,-0.58,-1.27,-2,0.5714,3
matt wallace,3.7,-0.21,-0.58,-0.3,-1.09,2.61,0.6667,4
taylor pendrith,-0.86,0.51,0.74,-0.13,1.12,0.26,0.4286,1
taylor pendrith,1.72,-2.88,-0.44,2.2,-1.11,0.61,0,2
taylor pendrith,2.82,-0.65,0.01,0.81,0.18,3,0.6,3
taylor pendrith,-0.31,-0.92,-0.17,1.01,-0.08,-0.39,0.3333,4
denny mccarthy,2.31,0.27,-0.82,-0.49,-1.04,1.26,0.625,1
denny mccarthy,0.04,0.05,1.66,-0.14,1.57,1.61,0.3333,2
denny mccarthy,0.63,0.82,0.17,-1.62,-0.63,0,0.5,3
denny mccarthy,1.97,0.96,-1.67,-0.66,-1.36,0.61,0.7143,4
michael kim,0.72,-0.49,-2.01,1.04,-1.46,-0.74,0.6,1
michael kim,2.36,1.86,-1.88,0.27,0.25,2.61,0.5,2
michael kim,3.2,-1.92,2.1,-0.38,-0.2,3,0.2857,3
michael kim,-1.39,1.4,0.9,-2.3,0,-1.39,0.5714,4
nicolai hojgaard,0.98,-0.33,1.09,1.52,2.29,3.26,0.5,1
nicolai hojgaard,-1.3,-0.45,-1.66,1.01,-1.09,-2.39,0.1667,2
nicolai hojgaard,1.92,1.63,2.22,-1.77,2.08,4,0.7143,3
nicolai hojgaard,-1.21,-1.3,0.08,1.03,-0.18,-1.39,0.3333,4
kristoffer reitan,-0.19,1.47,0.1,-0.12,1.45,1.26,0.5714,1
kristoffer reitan,-1.64,-1.15,2.62,0.78,2.25,0.61,0,2
kristoffer reitan,2.06,0.18,1.13,1.63,2.94,5,0.6,3
kristoffer reitan,-2.84,1.1,-2.01,0.36,-0.55,-3.39,0.5,4
chandler blanchet,0.85,0.31,0.78,1.33,2.41,3.26,0.6,1
chandler blanchet,-0.63,0.62,0.94,-1.32,0.24,-0.39,0.3333,2
chandler blanchet,1.68,-1.58,-0.04,-0.06,-1.68,0,0.5714,3
chandler blanchet,-0.14,-0.11,-0.01,0.87,0.75,0.61,1,4
brooks koepka,-2,0.84,3.53,0.89,5.26,3.26,0.6667,1
brooks koepka,0.29,0.63,-0.89,0.58,0.32,0.61,0.5714,2
brooks koepka,1.27,1.38,-1.8,1.16,0.73,2,0.6,3
brooks koepka,-0.16,0.57,-2.95,-0.85,-3.23,-3.39,0.5,4
collin morikawa,1.07,1.13,1.45,-0.38,2.19,3.26,0.25,1
collin morikawa,1.22,-0.62,-0.59,0.6,-0.61,0.61,0.5,2
collin morikawa,-0.45,-0.82,-2.23,-0.5,-3.56,-4,0.3636,3
collin morikawa,0.61,1.42,0.98,-0.41,2,2.61,0.5,4
corey conners,-1.02,0.86,3.39,1.03,5.28,4.26,0.75,1
corey conners,-2.42,0.15,1.86,0.02,2.03,-0.39,0.3333,2
corey conners,0.82,-0.73,-0.11,-1.98,-2.82,-2,0.25,3
corey conners,-0.3,0.49,0.13,0.28,0.91,0.61,0.8,4
andrew putnam,2.1,1.7,-0.43,-0.1,1.16,3.26,0.8333,1
andrew putnam,2.01,1.96,-0.9,-1.47,-0.4,1.61,0.6667,2
andrew putnam,0.23,-0.67,0.33,0.11,-0.23,0,0.5,3
andrew putnam,-2.73,0.04,1.23,-0.94,0.34,-2.39,0.25,4
mikael lindberg,-0.44,-0.48,0.5,1.69,1.71,1.26,0,1
mikael lindberg,1.61,1.33,-1.15,-0.18,0,1.61,0.7143,2
mikael lindberg,1.14,2.07,-1.15,0.94,1.86,3,0.75,3
mikael lindberg,-1.86,-1.03,-0.33,-0.17,-1.53,-3.39,0.1429,4
rickie fowler,0.41,0.55,1.01,0.29,1.85,2.26,0.4,1
rickie fowler,0.54,0.98,0.28,-0.2,1.07,1.61,0.5714,2
rickie fowler,-0.93,0.16,1.73,1.04,2.93,2,1,3
rickie fowler,-2.04,-0.98,-0.86,-0.51,-2.35,-4.39,0.375,4
brian harman,2.2,-0.26,1.95,-1.63,0.07,2.26,0.7143,1
brian harman,0.19,-0.6,0.76,-0.74,-0.58,-0.39,0.4286,2
brian harman,4.23,0.74,-1.01,0.04,-0.23,4,0.8889,3
brian harman,-2.53,-0.26,-1.32,-0.29,-1.86,-4.39,0.6,4
sahith theegala,0.68,0.98,2.19,0.42,3.59,4.26,1,1
sahith theegala,-0.53,1.48,-2.06,0.72,0.14,-0.39,0.5714,2
sahith theegala,2.06,0.39,-3.92,-0.53,-4.06,-2,0.6923,3
sahith theegala,-1.62,-1.12,2.5,-0.15,1.23,-0.39,0.6667,4
sami valimaki,-0.12,0.23,-0.86,0.01,-0.62,-0.74,0.5556,1
sami valimaki,1.06,0.17,0.81,0.57,1.54,2.61,0.6667,2
sami valimaki,0,0.31,-0.91,-0.4,-1,-1,0.4286,3
sami valimaki,1.37,-0.92,-0.14,0.3,-0.76,0.61,0.5714,4
rico hoey,0.44,1.01,1.34,-0.52,1.83,2.26,0.4,1
rico hoey,-1.56,0.33,1.82,2.02,4.17,2.61,0.5,2
rico hoey,-0.59,0.12,-1.19,0.66,-0.41,-1,0.1667,3
rico hoey,-2.28,-0.8,0.33,0.36,-0.11,-2.39,0.1667,4
jason day,-0.78,0.77,2.73,0.55,4.05,3.26,0.8,1
jason day,0.84,0.98,1.22,-0.43,1.77,2.61,0.8333,2
jason day,-0.31,0.16,-4.67,-0.18,-4.69,-5,0.25,3
jason day,0.25,0.75,-1.71,-0.68,-1.64,-1.39,0.4,4
sam stevens,2.22,0.49,0.76,-0.21,1.04,3.26,0.5714,1
sam stevens,-0.97,0.72,-1.92,1.78,0.58,-0.39,0.4,2
sam stevens,-1.89,-0.07,4.13,-3.17,0.89,-1,0.2,3
sam stevens,-0.49,-1.58,-0.9,0.58,-1.9,-2.39,0.3333,4
keith mitchell,0,-0.24,0.17,-0.67,-0.74,-0.74,0.4286,1
keith mitchell,2.48,-1.22,1.46,0.89,1.13,3.61,0.6667,2
keith mitchell,-1.87,0.41,-0.84,1.3,0.87,-1,0.4,3
keith mitchell,0.99,-1.16,-1.74,-0.48,-3.38,-2.39,0.2,4
rasmus hojgaard,0.09,0.36,-0.94,0.74,0.17,0.26,0.5,1
rasmus hojgaard,1.58,-1.13,-0.06,1.22,0.03,1.61,0.2,2
rasmus hojgaard,-2.26,0.38,-0.38,1.25,1.26,-1,0.4,3
rasmus hojgaard,0.86,-0.14,-1.83,-0.28,-2.25,-1.39,0.2857,4
casey jarvis,1.48,0.1,1.16,-0.47,0.79,2.26,0.5,1
casey jarvis,0.3,-0.19,0.28,0.21,0.31,0.61,0.4286,2
casey jarvis,-1.26,-4.16,-2.58,0,-6.74,-8,0.4,3
casey jarvis,-0.64,2.03,3.29,-0.06,5.25,4.61,1,4
luke donald,1.01,1.77,-0.57,-0.95,0.25,1.26,0.6,1
luke donald,0.02,0.87,-0.16,-1.13,-0.41,-0.39,0.8,2
luke donald,1.21,-0.5,-2.43,-2.28,-5.21,-4,0.3,3
luke donald,1.73,-0.04,0.22,-0.31,-0.12,1.61,0.25,4
ryan gerard,1.17,1.05,0.83,0.21,2.09,3.26,0.8,1
ryan gerard,-0.76,-1.09,2.42,0.04,1.37,0.61,0.2,2
ryan gerard,0.03,-0.39,-2.78,0.14,-3.03,-3,0.3333,3
ryan gerard,-1.85,-1.73,0.82,0.38,-0.54,-2.39,0.33333,4
kazuki higa,0.74,-2.13,2.19,0.47,0.52,1.26,0.2,1
kazuki higa,-0.26,1.11,1.03,-0.28,1.86,1.61,0.7143,2
kazuki higa,-0.21,-0.41,0.75,-0.13,0.21,0,0.4,3
kazuki higa,-1.78,-1.15,-0.91,-0.54,-2.61,-4.39,0.5,4
john parry,0.22,0,-0.89,-0.08,-0.96,-0.74,0.5714,1
john parry,3.16,-0.56,0.91,-1.9,-1.55,1.61,0.5,2
john parry,-2.75,0.1,2,0.65,2.75,0,0.6,3
john parry,-3.02,0.3,0.32,0.02,0.64,-2.39,0.6667,4
william mouw,1.27,-0.31,-2.05,-0.66,-3.01,-1.74,0.5,1
william mouw,0.78,-1.17,1.69,1.31,1.83,2.61,0.6667,2
william mouw,1.08,-0.44,0.08,-0.73,-1.08,0,0.6667,3
william mouw,-2.15,0.41,-0.55,-0.1,-0.24,-2.39,0.6667,4
dan brown,0.75,-0.4,3.66,0.24,3.51,4.26,0.2857,1
dan brown,0.17,-0.46,-1.28,-0.83,-2.57,-2.39,0.3333,2
dan brown,-0.12,-1.08,1.19,0.01,0.12,0,0.3333,3
dan brown,-0.55,-1.83,-2.41,0.4,-3.84,-4.39,0.4286,4
rasmus neergaard-petersen,1.99,-0.47,-2.7,1.45,-1.73,0.26,0.5556,1
rasmus neergaard-petersen,-0.56,-0.01,0.32,0.86,1.17,0.61,0.4,2
rasmus neergaard-petersen,-0.73,-0.95,0.72,-0.04,-0.27,-1,0.5,3
rasmus neergaard-petersen,-0.71,-1.74,0.13,-0.06,-1.68,-2.39,0.5,4
alex fitzpatrick,0.84,-1.85,1.03,0.25,-0.57,0.26,0.3333,1
alex fitzpatrick,2.8,0.14,-1.42,1.09,-0.19,2.61,0.6667,2
alex fitzpatrick,-1.04,-0.77,-0.6,0.41,-0.96,-2,0.5,3
alex fitzpatrick,-2.77,-0.82,-0.65,0.84,-0.62,-3.39,0.375,4
elvis smylie,-1.09,-0.21,1.5,0.06,1.35,0.26,0.4,1
elvis smylie,-0.74,0.94,1.65,-1.24,1.35,0.61,0.4,2
elvis smylie,-0.02,-1.51,-0.4,-1.08,-2.98,-3,0.5,3
elvis smylie,-0.46,0.3,0.94,-1.17,0.07,-0.39,0.4,4
john keefer,1.88,-1.21,-1.21,0.8,-1.61,0.26,0.2857,1
john keefer,-0.27,0.07,-0.06,0.87,0.88,0.61,0.4,2
john keefer,-1.45,1.9,0.58,-0.03,2.44,1,0.5,3
john keefer,-2.8,-1.43,-0.74,-0.43,-2.59,-5.39,0.375,4
ben kern,-0.04,-0.85,-0.22,-0.63,-1.69,-1.74,0.375,1
ben kern,3.5,-0.03,1.99,0.15,2.11,5.61,0.6,2
ben kern,-2.11,-1.56,-2.88,-0.45,-4.89,-7,0.2222,3
ben kern,-0.07,-0.04,-1.19,-0.09,-1.32,-1.39,0.4286,4
michael brennan,-0.14,-1.13,-0.45,1.98,0.41,0.26,0.2,1
michael brennan,0.6,-1.34,0.19,1.16,0.01,0.61,0.375,2
michael brennan,0.6,0.76,-1.39,1.03,0.4,1,0.7143,3
michael brennan,-5.95,0.32,-1.65,-0.11,-1.44,-7.39,0.3333,4
brian campbell,1.46,0.08,-0.61,-0.67,-1.2,0.26,0.6667,1
brian campbell,2.26,-0.55,0.23,-1.33,-1.65,0.61,0.7143,2
brian campbell,-3.33,-2.46,-4.22,-1.99,-8.67,-12,0,3
brian campbell,-0.94,-1.16,3.21,-2.5,-0.45,-1.39,0.3333,4
jimmy walker,0.09,-0.24,1.51,-0.1,1.17,1.26,0,1
jimmy walker,0.29,1.16,-1.6,-1.24,-1.68,-1.39,0,2
jimmy walker,0,0,0,0,0,0,0,3
jimmy walker,0,0,0,0,0,0,0,4
russell henley,-2.1,1.7,-0.08,0.74,2.36,0.26,0,1
russell henley,-0.5,0.08,-0.37,0.39,0.11,-0.39,0,2
russell henley,0,0,0,0,0,0,0,3
russell henley,0,0,0,0,0,0,0,4
j.t. poston,-0.83,2.18,-0.87,0.79,2.09,1.26,0,1
j.t. poston,-2.65,-0.56,0.28,1.54,1.26,-1.39,0,2
j.t. poston,0,0,0,0,0,0,0,3
j.t. poston,0,0,0,0,0,0,0,4
sungjae im,-1.24,0.74,-0.9,0.65,0.5,-0.74,0,1
sungjae im,1.86,-1.72,0.53,-0.06,-1.25,0.61,0,2
sungjae im,0,0,0,0,0,0,0,3
sungjae im,0,0,0,0,0,0,0,4
robert macintyre,-0.37,0.32,0.9,1.42,2.64,2.26,0,1
robert macintyre,-0.8,0.75,-2.12,-0.22,-1.59,-2.39,0,2
robert macintyre,0,0,0,0,0,0,0,3
robert macintyre,0,0,0,0,0,0,0,4
akshay bhatia,0.24,0.83,0.39,-0.19,1.02,1.26,0,1
akshay bhatia,0.8,0.51,-1.25,-1.45,-2.19,-1.39,0,2
akshay bhatia,0,0,0,0,0,0,0,3
akshay bhatia,0,0,0,0,0,0,0,4
thomas detry,-1.59,-0.26,0.82,1.29,1.85,0.26,0,1
thomas detry,-0.27,0.02,0.16,-0.3,-0.12,-0.39,0,2
thomas detry,0,0,0,0,0,0,0,3
thomas detry,0,0,0,0,0,0,0,4
wyndham clark,-1.03,0.22,0.56,-2.48,-1.71,-2.74,0,1
wyndham clark,1.91,0.16,0.53,0,0.69,2.61,0,2
wyndham clark,0,0,0,0,0,0,0,3
wyndham clark,0,0,0,0,0,0,0,4
garrick higgo,3.8,0.61,0.16,-1.31,-0.54,3.26,0,1
garrick higgo,-2.73,-1.37,0.07,0.63,-0.66,-3.39,0,2
garrick higgo,0,0,0,0,0,0,0,3
garrick higgo,0,0,0,0,0,0,0,4
michael block,2.28,0.33,0.04,-0.38,-0.02,2.26,0,1
michael block,1.15,0.53,-3.25,-0.81,-3.54,-2.39,0,2
michael block,0,0,0,0,0,0,0,3
michael block,0,0,0,0,0,0,0,4
kota kaneko,-0.44,-0.72,1.33,-0.9,-0.3,-0.74,0,1
kota kaneko,1.36,0.17,-0.63,-0.29,-0.75,0.61,0,2
kota kaneko,0,0,0,0,0,0,0,3
kota kaneko,0,0,0,0,0,0,0,4
andy sullivan,0.05,0.21,-0.01,0.01,0.21,0.26,0,1
andy sullivan,0.86,-1.06,0.15,-0.34,-1.25,-0.39,0,2
andy sullivan,0,0,0,0,0,0,0,3
andy sullivan,0,0,0,0,0,0,0,4
gary woodland,-0.64,0.04,-0.17,1.03,0.9,0.26,0,1
gary woodland,-1.28,-1.43,0.67,0.66,-0.11,-1.39,0,2
gary woodland,0,0,0,0,0,0,0,3
gary woodland,0,0,0,0,0,0,0,4
keegan bradley,-0.01,-0.4,-1.73,0.41,-1.73,-1.74,0,1
keegan bradley,-1.43,-0.31,1.56,0.79,2.03,0.61,0,2
keegan bradley,0,0,0,0,0,0,0,3
keegan bradley,0,0,0,0,0,0,0,4
brandt snedeker,0.86,-0.41,-0.19,0.01,-0.6,0.26,0,1
brandt snedeker,-0.15,0.32,-1.61,0.05,-1.24,-1.39,0,2
brandt snedeker,0,0,0,0,0,0,0,3
brandt snedeker,0,0,0,0,0,0,0,4
stewart cink,-1.18,0.53,-1.43,0.34,-0.55,-1.74,0,1
stewart cink,2.5,-0.21,-1.1,-0.58,-1.9,0.61,0,2
stewart cink,0,0,0,0,0,0,0,3
stewart cink,0,0,0,0,0,0,0,4
viktor hovland,-2.44,-0.22,0.31,0.61,0.71,-1.74,0,1
viktor hovland,-2.31,1.6,1.17,0.15,2.92,0.61,0,2
viktor hovland,0,0,0,0,0,0,0,3
viktor hovland,0,0,0,0,0,0,0,4
tyrrell hatton,-1.3,0.36,1.4,-0.2,1.56,0.26,0,1
tyrrell hatton,-1.81,-1.24,1.28,0.38,0.42,-1.39,0,2
tyrrell hatton,0,0,0,0,0,0,0,3
tyrrell hatton,0,0,0,0,0,0,0,4
j.j. spaun,-1.2,0.26,2.84,0.37,3.47,2.26,0,1
j.j. spaun,-3.41,0.77,-0.44,-0.31,0.02,-3.39,0,2
j.j. spaun,0,0,0,0,0,0,0,3
j.j. spaun,0,0,0,0,0,0,0,4
sepp straka,-1.31,0.07,1.57,-1.06,0.58,-0.74,0,1
sepp straka,-1.66,0.49,1.55,-0.77,1.27,-0.39,0,2
sepp straka,0,0,0,0,0,0,0,3
sepp straka,0,0,0,0,0,0,0,4
adam schenk,-0.33,-2.33,0.33,-0.41,-2.4,-2.74,0,1
adam schenk,1,0.93,0.27,-0.58,0.61,1.61,0,2
adam schenk,0,0,0,0,0,0,0,3
adam schenk,0,0,0,0,0,0,0,4
david lipsky,-0.76,0.17,-0.76,-0.39,-0.98,-1.74,0,1
david lipsky,-1.57,1.62,1.41,-0.85,2.18,0.61,0,2
david lipsky,0,0,0,0,0,0,0,3
david lipsky,0,0,0,0,0,0,0,4
max mcgreevy,-0.43,-0.24,-2.48,-0.58,-3.3,-3.74,0,1
max mcgreevy,-2.12,1.03,2.74,0.96,4.73,2.61,0,2
max mcgreevy,0,0,0,0,0,0,0,3
max mcgreevy,0,0,0,0,0,0,0,4
pierceson coody,3.88,-0.69,-1.79,-0.13,-2.62,1.26,0,1
pierceson coody,-1.18,-1.23,-0.34,0.36,-1.21,-2.39,0,2
pierceson coody,0,0,0,0,0,0,0,3
pierceson coody,0,0,0,0,0,0,0,4
jordan gumberg,-0.87,-0.59,-0.78,1.5,0.13,-0.74,0,1
jordan gumberg,-2.38,0.04,1.34,0.6,1.99,-0.39,0,2
jordan gumberg,0,0,0,0,0,0,0,3
jordan gumberg,0,0,0,0,0,0,0,4
angel ayora,-0.04,0.19,-1,1.11,0.3,0.26,0,1
angel ayora,-3.18,0.75,-0.34,1.38,1.79,-1.39,0,2
angel ayora,0,0,0,0,0,0,0,3
angel ayora,0,0,0,0,0,0,0,4
ben polland,2.93,-0.55,-1.66,-1.46,-3.67,-0.74,0,1
ben polland,0.18,2.22,0.24,-3.03,-0.57,-0.39,0,2
ben polland,0,0,0,0,0,0,0,3
ben polland,0,0,0,0,0,0,0,4
tyler collet,-0.54,-0.94,-0.84,-0.42,-2.2,-2.74,0,1
tyler collet,-0.42,0.01,2.62,-0.6,2.03,1.61,0,2
tyler collet,0,0,0,0,0,0,0,3
tyler collet,0,0,0,0,0,0,0,4
patrick rodgers,-1.01,-1.43,-2.45,0.15,-3.72,-4.74,0,1
patrick rodgers,-0.28,0.35,2.84,-0.31,2.89,2.61,0,2
patrick rodgers,0,0,0,0,0,0,0,3
patrick rodgers,0,0,0,0,0,0,0,4
bryson dechambeau,-0.99,-3.5,-0.07,0.82,-2.75,-3.74,0,1
bryson dechambeau,1.44,-0.67,0.13,0.72,0.17,1.61,0,2
bryson dechambeau,0,0,0,0,0,0,0,3
bryson dechambeau,0,0,0,0,0,0,0,4
harry hall,0.23,0.7,0.55,-1.21,0.04,0.26,0,1
harry hall,-2.32,0.57,-1.12,0.48,-0.07,-2.39,0,2
harry hall,0,0,0,0,0,0,0,3
harry hall,0,0,0,0,0,0,0,4
austin smotherman,1.71,-0.14,-0.69,-0.62,-1.45,0.26,0,1
austin smotherman,1.09,-1.94,-2.24,0.69,-3.48,-2.39,0,2
austin smotherman,0,0,0,0,0,0,0,3
austin smotherman,0,0,0,0,0,0,0,4
ricky castillo,0.07,-1.31,0.69,-1.19,-1.81,-1.74,0,1
ricky castillo,0.03,1.74,-1.25,-0.92,-0.42,-0.39,0,2
ricky castillo,0,0,0,0,0,0,0,3
ricky castillo,0,0,0,0,0,0,0,4
trav smyth,-0.57,0.48,-0.2,-1.44,-1.16,-1.74,0,1
trav smyth,1.05,0.13,0.13,-1.7,-1.45,-0.39,0,2
trav smyth,0,0,0,0,0,0,0,3
trav smyth,0,0,0,0,0,0,0,4
tom mckibbin,-3.39,0.82,0.75,0.08,1.65,-1.74,0,1
tom mckibbin,-1.11,-0.04,0.28,0.47,0.72,-0.39,0,2
tom mckibbin,0,0,0,0,0,0,0,3
tom mckibbin,0,0,0,0,0,0,0,4
jason dufner,1.19,-1.85,-2.17,0.1,-3.92,-2.74,0,1
jason dufner,-0.97,-0.55,1.08,0.04,0.58,-0.39,0,2
jason dufner,0,0,0,0,0,0,0,3
jason dufner,0,0,0,0,0,0,0,4
billy horschel,0.21,-1.01,-0.62,-0.32,-1.95,-1.74,0,1
billy horschel,-1.08,0.36,-0.59,-0.09,-0.32,-1.39,0,2
billy horschel,0,0,0,0,0,0,0,3
billy horschel,0,0,0,0,0,0,0,4
adam scott,-2.18,2.24,-0.87,1.07,2.44,0.26,0,1
adam scott,-2.15,-0.92,-0.01,-0.32,-1.24,-3.39,0,2
adam scott,0,0,0,0,0,0,0,3
adam scott,0,0,0,0,0,0,0,4
bernd wiesberger,1.01,0.64,-1,-0.4,-0.75,0.26,0,1
bernd wiesberger,-1.09,0.27,-2.61,0.04,-2.3,-3.39,0,2
bernd wiesberger,0,0,0,0,0,0,0,3
bernd wiesberger,0,0,0,0,0,0,0,4
jacob bridgeman,-1.85,0.4,-0.88,0.6,0.11,-1.74,0,1
jacob bridgeman,-0.7,-1.6,0.56,0.35,-0.69,-1.39,0,2
jacob bridgeman,0,0,0,0,0,0,0,3
jacob bridgeman,0,0,0,0,0,0,0,4
emiliano grillo,-2.56,-0.22,-0.32,-0.63,-1.18,-3.74,0,1
emiliano grillo,-0.3,-0.37,0.04,1.25,0.91,0.61,0,2
emiliano grillo,0,0,0,0,0,0,0,3
emiliano grillo,0,0,0,0,0,0,0,4
joe highsmith,0.07,0.69,-0.54,-0.95,-0.81,-0.74,0,1
joe highsmith,-1.33,1.7,-2.15,-0.61,-1.06,-2.39,0,2
joe highsmith,0,0,0,0,0,0,0,3
joe highsmith,0,0,0,0,0,0,0,4
steven fisk,0.84,-1.48,-2.6,-0.5,-4.58,-3.74,0,1
steven fisk,0.8,-1.42,0.68,0.56,-0.19,0.61,0,2
steven fisk,0,0,0,0,0,0,0,3
steven fisk,0,0,0,0,0,0,0,4
y.e. yang,0.73,-0.72,0.42,-0.17,-0.47,0.26,0,1
y.e. yang,-0.95,0.42,-2.38,-1.49,-3.44,-4.39,0,2
y.e. yang,0,0,0,0,0,0,0,3
y.e. yang,0,0,0,0,0,0,0,4
lucas glover,0.06,-2.42,-0.55,-0.83,-3.8,-3.74,0,1
lucas glover,-1.46,0.31,0.92,-0.16,1.07,-0.39,0,2
lucas glover,0,0,0,0,0,0,0,3
lucas glover,0,0,0,0,0,0,0,4
garrett sapp,-0.12,-0.5,-0.21,-1.9,-2.62,-2.74,0,1
garrett sapp,1.52,0.44,-1.57,-1.77,-2.91,-1.39,0,2
garrett sapp,0,0,0,0,0,0,0,3
garrett sapp,0,0,0,0,0,0,0,4
shaun micheel,1.83,-2.96,-2.04,-1.57,-6.57,-4.74,0,1
shaun micheel,1.4,0.96,-0.1,-2.65,-1.79,-0.39,0,2
shaun micheel,0,0,0,0,0,0,0,3
shaun micheel,0,0,0,0,0,0,0,4
nicolas echavarria,-1.92,0.92,-0.11,-1.63,-0.81,-2.74,0,1
nicolas echavarria,-0.66,-0.88,-0.76,-0.1,-1.74,-2.39,0,2
nicolas echavarria,0,0,0,0,0,0,0,3
nicolas echavarria,0,0,0,0,0,0,0,4
sudarshan yellamaraju,-0.53,-1.38,-1.81,0.97,-2.21,-2.74,0,1
sudarshan yellamaraju,-1.56,-0.18,-0.7,0.05,-0.83,-2.39,0,2
sudarshan yellamaraju,0,0,0,0,0,0,0,3
sudarshan yellamaraju,0,0,0,0,0,0,0,4
jayden schaper,-0.28,-1.55,-1.07,0.17,-2.46,-2.74,0,1
jayden schaper,-2.31,-0.44,0.69,-0.32,-0.08,-2.39,0,2
jayden schaper,0,0,0,0,0,0,0,3
jayden schaper,0,0,0,0,0,0,0,4
davis riley,-0.82,-0.81,-2.97,-1.13,-4.92,-5.74,0,1
davis riley,-3.59,1.85,0.95,0.39,3.2,-0.39,0,2
davis riley,0,0,0,0,0,0,0,3
davis riley,0,0,0,0,0,0,0,4
matthew mccarty,-2.64,-0.11,-0.87,-1.11,-2.09,-4.74,0,1
matthew mccarty,-1.48,0.44,0.43,-0.78,0.09,-1.39,0,2
matthew mccarty,0,0,0,0,0,0,0,3
matthew mccarty,0,0,0,0,0,0,0,4
michael thorbjornsen,-3.58,-1.47,-0.8,1.11,-1.16,-4.74,0,1
michael thorbjornsen,0.32,-0.9,-1.81,1,-1.71,-1.39,0,2
michael thorbjornsen,0,0,0,0,0,0,0,3
michael thorbjornsen,0,0,0,0,0,0,0,4
paul mcclure,-3.19,0.54,-0.33,0.25,0.46,-2.74,0,1
paul mcclure,1.22,-3.05,-1.93,0.36,-4.61,-3.39,0,2
paul mcclure,0,0,0,0,0,0,0,3
paul mcclure,0,0,0,0,0,0,0,4
max homa,-0.82,-1.08,-1.8,0.96,-1.92,-2.74,0,1
max homa,-1.99,-0.13,-1.69,-0.58,-2.4,-4.39,0,2
max homa,0,0,0,0,0,0,0,3
max homa,0,0,0,0,0,0,0,4
jordan smith,-3.32,0.29,0.35,-0.06,0.58,-2.74,0,1
jordan smith,-3.76,-1.31,1.25,-0.57,-0.63,-4.39,0,2
jordan smith,0,0,0,0,0,0,0,3
jordan smith,0,0,0,0,0,0,0,4
marco penge,-2.04,-0.16,0.57,-1.1,-0.69,-2.74,0,1
marco penge,-2.67,-1.98,0.63,-0.37,-1.72,-4.39,0,2
marco penge,0,0,0,0,0,0,0,3
marco penge,0,0,0,0,0,0,0,4
adrien saddier,0.1,-1.33,-1.61,0.1,-2.84,-2.74,0,1
adrien saddier,-2.17,-1.06,-0.86,-0.3,-2.22,-4.39,0,2
adrien saddier,0,0,0,0,0,0,0,3
adrien saddier,0,0,0,0,0,0,0,4
ian holt,-2.2,1.03,-0.5,-0.06,0.47,-1.74,0,1
ian holt,0.64,-1.52,-3.42,-1.09,-6.03,-5.39,0,2
ian holt,0,0,0,0,0,0,0,3
ian holt,0,0,0,0,0,0,0,4
jared jones,-3.54,-1.24,-3.14,0.18,-4.2,-7.74,0,1
jared jones,-1.39,-0.88,0.57,0.3,0,-1.39,0,2
jared jones,0,0,0,0,0,0,0,3
jared jones,0,0,0,0,0,0,0,4
chris gabriele,-0.12,-1.19,-2.73,-0.69,-4.62,-4.74,0,1
chris gabriele,-0.21,-2.04,-1.47,-0.67,-4.18,-4.39,0,2
chris gabriele,0,0,0,0,0,0,0,3
chris gabriele,0,0,0,0,0,0,0,4
zach haynes,-1.66,0.56,-1.7,-0.94,-2.08,-3.74,0,1
zach haynes,0.8,-2.61,-2.72,-0.86,-6.19,-5.39,0,2
zach haynes,0,0,0,0,0,0,0,3
zach haynes,0,0,0,0,0,0,0,4
francisco bide,-2.84,0.38,-1.3,0.03,-0.9,-3.74,0,1
francisco bide,-2.01,-1.13,-2.02,-1.23,-4.38,-6.39,0,2
francisco bide,0,0,0,0,0,0,0,3
francisco bide,0,0,0,0,0,0,0,4
ryan lenahan,-1.28,0.62,-0.81,-1.27,-1.46,-2.74,0,1
ryan lenahan,-1.61,-0.77,-3.74,-1.28,-5.79,-7.39,0,2
ryan lenahan,0,0,0,0,0,0,0,3
ryan lenahan,0,0,0,0,0,0,0,4
timothy wiseman,-1.15,-0.81,-2.08,1.29,-1.59,-2.74,0,1
timothy wiseman,-2.27,-1.94,-1.84,-1.35,-5.12,-7.39,0,2
timothy wiseman,0,0,0,0,0,0,0,3
timothy wiseman,0,0,0,0,0,0,0,4
austin hurt,-0.74,-1.32,-3.73,-0.95,-6,-6.74,0,1
austin hurt,-0.55,-0.46,-2.12,-0.27,-2.84,-3.39,0,2
austin hurt,0,0,0,0,0,0,0,3
austin hurt,0,0,0,0,0,0,0,4
braden shattuck,-4.53,0.43,-2.19,-2.44,-4.2,-8.74,0,1
braden shattuck,2.68,-5.33,0.35,-0.09,-5.07,-2.39,0,2
braden shattuck,0,0,0,0,0,0,0,3
braden shattuck,0,0,0,0,0,0,0,4
derek berg,0.13,-1.29,-3.48,-1.1,-5.87,-5.74,0,1
derek berg,0.73,-0.28,-4.58,-1.27,-6.12,-5.39,0,2
derek berg,0,0,0,0,0,0,0,3
derek berg,0,0,0,0,0,0,0,4
ryan vermeer,-1.52,0.72,-1.28,-2.66,-3.21,-4.74,0,1
ryan vermeer,-3.37,0.23,-3.44,-0.82,-4.02,-7.39,0,2
ryan vermeer,0,0,0,0,0,0,0,3
ryan vermeer,0,0,0,0,0,0,0,4
jesse droemer,-0.73,0.13,-2.02,-2.11,-4,-4.74,0,1
jesse droemer,-5.01,-0.33,-2.55,-0.5,-3.38,-8.39,0,2
jesse droemer,0,0,0,0,0,0,0,3
jesse droemer,0,0,0,0,0,0,0,4
michael kartrude,-2.44,-0.75,-3.94,0.39,-4.3,-6.74,0,1
michael kartrude,-3.92,0.01,-1.77,-0.71,-2.47,-6.39,0,2
michael kartrude,0,0,0,0,0,0,0,3
michael kartrude,0,0,0,0,0,0,0,4
mark geddes,-2.61,-3.14,-1.03,-1.96,-6.13,-8.74,0,1
mark geddes,-1.05,-1.37,-4.47,-0.5,-6.34,-7.39,0,2
mark geddes,0,0,0,0,0,0,0,3
mark geddes,0,0,0,0,0,0,0,4
bryce fisher,0.2,-2.91,-2.32,-1.71,-6.94,-6.74,0,1
bryce fisher,-0.12,-4.07,-3.77,-2.43,-10.27,-10.39,0,2
bryce fisher,0,0,0,0,0,0,0,3
bryce fisher,0,0,0,0,0,0,0,4
