Player,SG Putting,SG Around Green,SG Approach,SG Off The Tee,SG Tee To Green,SG Total,Rounds,Scrambling
viktor hovland,0.36,-0.17,2.21,0.57,2.6,2.96,1,0
viktor hovland,3.6,0.03,1.17,1.31,2.51,6.11,2,0
viktor hovland,1.82,0.12,0.44,1.1,1.66,3.49,3,0
viktor hovland,-1.45,2.04,-3.05,0.98,-0.03,-1.47,4,0
scottie scheffler,0.92,0.81,1.02,1.21,3.04,3.96,1,0
scottie scheffler,4.84,-0.09,1.76,0.6,2.27,7.11,2,0
scottie scheffler,-1.29,-0.06,1.88,-0.04,1.78,0.49,3,0
scottie scheffler,-0.33,-0.89,0.58,0.17,-0.14,-0.47,4,0
collin morikawa,-1.06,-2.24,1.56,0.7,0.02,-1.04,1,0
collin morikawa,0.75,-1.11,0.84,0.64,0.36,1.11,2,0
collin morikawa,-0.61,0.2,2.4,1.49,4.09,3.49,3,0
collin morikawa,3.8,-0.14,2.12,0.76,2.73,6.53,4,0
matt fitzpatrick,0.94,0.53,1.41,1.08,3.01,3.96,1,0
matt fitzpatrick,-1.83,1.72,0.62,0.61,2.94,1.11,2,0
matt fitzpatrick,0.3,0.5,-0.14,-0.17,0.19,0.49,3,0
matt fitzpatrick,0.28,1.37,0.67,1.2,3.25,3.53,4,0
akshay bhatia,3.3,-0.76,0.19,-0.77,-1.35,1.96,1,0
akshay bhatia,2.52,1.12,0.6,0.87,2.59,5.11,2,0
akshay bhatia,-0.61,-0.01,0.52,0.59,1.1,0.49,3,0
akshay bhatia,-0.1,1.03,-0.65,0.25,0.63,0.53,4,0
wyndham clark,-0.41,1.97,-0.83,-0.77,0.37,-0.04,1,0
wyndham clark,2.49,0.89,0.46,-0.73,0.62,3.11,2,0
wyndham clark,2.85,0.62,-0.85,-0.14,-0.37,2.49,3,0
wyndham clark,3.78,0.41,-1.74,0.08,-1.25,2.53,4,0
j.j. spaun,0.92,0.76,0.75,-0.46,1.04,1.96,1,0
j.j. spaun,1.42,-1.11,1.45,0.35,0.69,2.11,2,0
j.j. spaun,0.43,-0.01,-0.7,-0.24,-0.94,-0.51,3,0
j.j. spaun,2.24,-0.59,1.4,0.48,1.29,3.53,4,0
corey conners,-0.35,1.85,1.18,0.28,3.31,2.96,1,0
corey conners,-0.69,0.8,-1.25,0.25,-0.2,-0.89,2,0
corey conners,-1.97,0.12,1.44,0.89,2.46,0.49,3,0
corey conners,2.91,0.72,1.54,-0.65,1.61,4.53,4,0
alex fitzpatrick,-2.97,-0.45,0.97,1.41,1.93,-1.04,1,0
alex fitzpatrick,0.47,-0.45,1.47,-0.37,0.64,1.11,2,0
alex fitzpatrick,0.58,0.22,1.4,1.29,2.9,3.49,3,0
alex fitzpatrick,1.5,0.94,1.68,-0.6,2.02,3.53,4,0
ben griffin,5.35,0.73,-1.44,-0.69,-1.39,3.96,1,0
ben griffin,-0.83,0.62,1.02,0.3,1.94,1.11,2,0
ben griffin,-0.88,0.29,0.71,0.37,1.36,0.49,3,0
ben griffin,-0.23,-0.82,2.43,-0.85,0.76,0.53,4,0
robert macintyre,0.83,0.08,0.06,-0.01,0.13,0.96,1,0
robert macintyre,-0.21,1.26,0.73,0.34,2.32,2.11,2,0
robert macintyre,-0.42,-0.58,1.36,0.12,0.91,0.49,3,0
robert macintyre,2.57,-0.56,1.45,-0.93,-0.04,2.53,4,0
russell henley,3.82,-1.28,-1.73,1.16,-1.86,1.96,1,0
russell henley,0.35,-2.4,-0.71,-0.13,-3.24,-2.89,2,0
russell henley,-0.18,0.42,1.16,1.08,2.66,2.49,3,0
russell henley,0.04,0.37,1.98,1.15,3.49,3.53,4,0
sam burns,-0.67,0.7,0.8,1.12,2.63,1.96,1,0
sam burns,-0.03,-0.9,1.54,0.51,1.14,1.11,2,0
sam burns,1.09,-0.42,0.67,0.14,0.4,1.49,3,0
sam burns,1.06,-2.5,1.36,0.61,-0.53,0.53,4,0
keegan bradley,-0.42,0.26,1.04,0.08,1.38,0.96,1,0
keegan bradley,0.23,1.27,2.11,-1.49,1.88,2.11,2,0
keegan bradley,-1.23,2.32,-2.29,-1.31,-1.28,-2.51,3,0
keegan bradley,-0.69,0.29,2.97,0.96,4.22,3.53,4,0
justin thomas,0.77,0.38,-1.68,0.49,-0.81,-0.04,1,0
justin thomas,-0.36,1.23,-0.57,0.82,1.47,1.11,2,0
justin thomas,-0.69,1.13,2.16,-0.12,3.17,2.49,3,0
justin thomas,-0.45,3.52,-2.52,-0.02,0.98,0.53,4,0
tommy fleetwood,-0.99,0.84,0.81,0.29,1.95,0.96,1,0
tommy fleetwood,2.35,0.18,0.59,0,0.76,3.11,2,0
tommy fleetwood,-1.53,0.16,-1,-0.15,-0.99,-2.51,3,0
tommy fleetwood,1.92,0.26,-0.66,1,0.61,2.53,4,0
patrick cantlay,0.53,0.17,1.01,1.24,2.42,2.96,1,0
patrick cantlay,-0.26,-0.9,1.62,0.65,1.37,1.11,2,0
patrick cantlay,2.51,-0.71,3.16,-1.48,0.98,3.49,3,0
patrick cantlay,-1.77,0.25,-1.48,-0.47,-1.71,-3.47,4,0
bud cauley,0.6,0.99,0.71,1.65,3.36,3.96,1,0
bud cauley,-0.34,0.68,0.75,0.02,1.45,1.11,2,0
bud cauley,-1.7,0.75,-1.42,-0.15,-0.81,-2.51,3,0
bud cauley,-1.77,1.44,1.34,0.52,3.3,1.53,4,0
hideki matsuyama,0.54,0.3,-0.29,0.41,0.42,0.96,1,0
hideki matsuyama,-1.66,1.28,1.04,-0.55,1.77,0.11,2,0
hideki matsuyama,1.89,-0.5,-1.12,1.21,-0.41,1.49,3,0
hideki matsuyama,-0.29,0.43,0.06,1.33,1.82,1.53,4,0
denny mccarthy,0.47,0.51,0.21,-0.23,0.48,0.96,1,0
denny mccarthy,0.18,-0.53,-0.71,0.17,-1.07,-0.89,2,0
denny mccarthy,2.14,0.24,-0.39,-0.51,-0.65,1.49,3,0
denny mccarthy,1.44,0.16,0.13,0.8,1.09,2.53,4,0
nicolai hojgaard,-3.14,0.16,-0.49,0.43,0.1,-3.04,1,0
nicolai hojgaard,1.67,0.14,-0.56,-0.14,-0.56,1.11,2,0
nicolai hojgaard,0.27,0.13,0.08,0.02,0.22,0.49,3,0
nicolai hojgaard,0.8,1.17,3.69,-0.14,4.73,5.53,4,0
shane lowry,-0.86,-1.29,0.72,1.38,0.82,-0.04,1,0
shane lowry,0.7,0.54,0.6,0.26,1.41,2.11,2,0
shane lowry,-0.06,0.85,1.43,1.26,3.55,3.49,3,0
shane lowry,-2.11,-0.66,0.76,-0.46,-0.36,-2.47,4,0
keith mitchell,0.66,-0.53,0.02,-0.19,-0.7,-0.04,1,0
keith mitchell,-0.43,-1.04,0.86,0.72,0.54,0.11,2,0
keith mitchell,2.67,0.52,0.3,1,1.82,4.49,3,0
keith mitchell,-1.85,0.3,0.02,0.05,0.38,-1.47,4,0
kristoffer reitan,4.58,0.04,-1.32,0.66,-0.62,3.96,1,0
kristoffer reitan,-0.9,-0.9,-0.42,1.32,0.01,-0.89,2,0
kristoffer reitan,1.98,-0.28,-0.9,-1.31,-2.49,-0.51,3,0
kristoffer reitan,0.85,0.07,-1.48,1.09,-0.32,0.53,4,0
justin rose,2.37,0.37,1.21,-0.99,0.59,2.96,1,0
justin rose,1.63,1.1,-0.95,-0.67,-0.52,1.11,2,0
justin rose,0.54,0.13,0.04,-0.23,-0.05,0.49,3,0
justin rose,-1.91,-0.77,-0.44,0.65,-0.56,-2.47,4,0
kurt kitayama,-2.3,-0.2,1.32,0.14,1.26,-1.04,1,0
kurt kitayama,-0.06,-0.27,4.58,-0.14,4.17,4.11,2,0
kurt kitayama,-0.24,-1.46,0.69,-0.51,-1.27,-1.51,3,0
kurt kitayama,-0.81,-0.18,0.27,1.25,1.33,0.53,4,0
brian harman,-0.45,-1,5.29,-1.89,2.4,1.96,1,0
brian harman,-1.95,-0.01,-1.55,0.63,-0.94,-2.89,2,0
brian harman,-0.15,0.95,2.4,1.29,4.64,4.49,3,0
brian harman,0.59,0.52,0.23,-2.82,-2.07,-1.47,4,0
nick taylor,0.36,-2.15,1.96,-0.22,-0.4,-0.04,1,0
nick taylor,2.07,-0.69,-3.92,-1.36,-5.96,-3.89,2,0
nick taylor,1.33,0.45,0.67,1.04,2.15,3.49,3,0
nick taylor,1.02,1.17,-0.2,0.54,1.51,2.53,4,0
daniel berger,-2.43,1.24,-0.76,-0.09,0.39,-2.04,1,0
daniel berger,-2.23,1.62,1.38,-0.66,2.34,0.11,2,0
daniel berger,0.29,0.54,1.71,-0.06,2.19,2.49,3,0
daniel berger,0.91,1.68,-1.25,0.19,0.61,1.53,4,0
andrew novak,0.33,0.57,-0.89,0.96,0.63,0.96,1,0
andrew novak,-2.08,-1.45,-1.02,-0.34,-2.81,-4.89,2,0
andrew novak,-0.47,0.62,0.81,-0.47,0.96,0.49,3,0
andrew novak,0.74,0.45,1.95,1.38,3.79,4.53,4,0
sungjae im,-0.73,-0.46,0.16,0.98,0.69,-0.04,1,0
sungjae im,0.44,-0.2,0.38,0.49,0.67,1.11,2,0
sungjae im,4.51,-0.59,-2.19,-0.25,-3.03,1.49,3,0
sungjae im,-0.02,0.23,-2.12,0.44,-1.46,-1.47,4,0
aaron rai,0.39,0.68,0.91,0.98,2.57,2.96,1,0
aaron rai,-0.95,0.65,-0.56,-0.04,0.06,-0.89,2,0
aaron rai,0.26,0.06,0.07,0.1,0.22,0.49,3,0
aaron rai,-0.17,-0.26,-1.33,0.29,-1.3,-1.47,4,0
nicolas echavarria,0.28,0.39,1.96,1.33,3.68,3.96,1,0
nicolas echavarria,-1.71,0.79,0.52,-1.49,-0.18,-1.89,2,0
nicolas echavarria,-0.41,0.07,1.21,-1.38,-0.1,-0.51,3,0
nicolas echavarria,0.08,1.31,-1.3,-0.56,-0.55,-0.47,4,0
chris gotterup,-0.78,-1.19,0.01,-1.09,-2.27,-3.04,1,0
chris gotterup,3.03,-0.68,-0.07,-0.17,-0.92,2.11,2,0
chris gotterup,1.9,0.92,0.34,1.32,2.58,4.49,3,0
chris gotterup,-2.35,-2.45,1.65,0.68,-0.12,-2.47,4,0
michael kim,1.35,0.18,-1.91,0.34,-1.39,-0.04,1,0
michael kim,-1.21,1.22,1.13,-1.02,1.32,0.11,2,0
michael kim,-0.53,-1.32,0.85,0.49,0.02,-0.51,3,0
michael kim,0.84,-0.21,1.79,-0.89,0.69,1.53,4,0
jackson suber,0.03,0.72,-1.07,0.28,-0.07,-0.04,1,0
jackson suber,-0.04,0.28,-1.51,1.38,0.15,0.11,2,0
jackson suber,-1.07,1.23,2.45,0.88,4.56,3.49,3,0
jackson suber,1.78,-2.37,-0.82,-1.06,-4.25,-2.47,4,0
matthew mccarty,-1.7,0.41,0.67,-0.43,0.66,-1.04,1,0
matthew mccarty,-2.06,-1.84,1.5,-0.49,-0.82,-2.89,2,0
matthew mccarty,0.2,0.55,3.69,0.05,4.29,4.49,3,0
matthew mccarty,0.58,0.01,1.6,-1.66,-0.05,0.53,4,0
brandt snedeker,2.75,-0.28,0.06,0.43,0.21,2.96,1,0
brandt snedeker,0.18,-0.68,-1.66,0.26,-2.07,-1.89,2,0
brandt snedeker,2.14,-0.24,-2.79,-1.63,-4.66,-2.51,3,0
brandt snedeker,-0.26,-0.39,2.4,-0.22,1.79,1.53,4,0
rickie fowler,-0.44,-0.5,0.52,-0.62,-0.6,-1.04,1,0
rickie fowler,0.48,1.37,-1.01,0.28,0.63,1.11,2,0
rickie fowler,-1.82,0.25,1,0.05,1.3,-0.51,3,0
rickie fowler,0.3,0.27,-1.44,1.4,0.22,0.53,4,0
harris english,0.29,0.99,-0.16,0.84,1.67,1.96,1,0
harris english,-0.71,0.38,1.8,-0.36,1.82,1.11,2,0
harris english,-2.19,0.01,-0.15,-0.18,-0.32,-2.51,3,0
harris english,0.78,0.1,-0.86,-0.48,-1.25,-0.47,4,0
tom hoge,0.96,-0.35,0.15,0.19,-0.01,0.96,1,0
tom hoge,-1.13,-0.44,1.54,-2.86,-1.76,-2.89,2,0
tom hoge,2.34,1.41,-1.28,0.01,0.15,2.49,3,0
tom hoge,0.67,0.5,1.12,-2.76,-1.15,-0.47,4,0
eric cole,0.41,1.44,2.88,0.23,4.55,4.96,1,0
eric cole,1.34,0.02,1.53,-0.78,0.77,2.11,2,0
eric cole,0.3,0.52,-0.99,-1.34,-1.81,-1.51,3,0
eric cole,-3.27,0.26,-2.04,-0.42,-2.21,-5.47,4,0
ryo hisatsune,-0.43,-0.88,1,0.26,0.38,-0.04,1,0
ryo hisatsune,-1.44,-0.31,0.57,-1.71,-1.45,-2.89,2,0
ryo hisatsune,2.22,0.69,-0.31,0.89,1.27,3.49,3,0
ryo hisatsune,-2.46,0.76,-0.2,1.44,1.99,-0.47,4,0
si woo kim,-2.06,1.23,-0.4,0.18,1.02,-1.04,1,0
si woo kim,2.61,-1.2,1.09,0.61,0.5,3.11,2,0
si woo kim,1.01,-0.79,1.99,0.28,1.47,2.49,3,0
si woo kim,-3.54,-1.25,-0.17,-0.51,-1.94,-5.47,4,0
ryan gerard,0.16,1.39,-1.62,0.03,-0.2,-0.04,1,0
ryan gerard,-0.32,0.15,-1.22,0.49,-0.57,-0.89,2,0
ryan gerard,-0.24,-2.18,-0.81,0.71,-2.27,-2.51,3,0
ryan gerard,0.73,1.52,0.38,-0.1,1.8,2.53,4,0
mac meissner,-0.51,0.31,-1.51,-0.33,-1.53,-2.04,1,0
mac meissner,-0.27,0.77,-0.12,0.73,1.38,1.11,2,0
mac meissner,1.21,0.24,-1.53,0.56,-0.73,0.49,3,0
mac meissner,2.13,-2.3,-0.66,0.37,-2.6,-0.47,4,0
cameron young,-3.34,-1.2,0.45,0.05,-0.7,-4.04,1,0
cameron young,-2.29,0.16,-2.37,0.62,-1.59,-3.89,2,0
cameron young,-0.32,0.36,0.33,1.12,1.81,1.49,3,0
cameron young,1.88,0.69,0.93,1.03,2.65,4.53,4,0
jacob bridgeman,0.78,0.04,-2.46,-0.4,-2.82,-2.04,1,0
jacob bridgeman,-4.14,0.51,-0.04,0.78,1.25,-2.89,2,0
jacob bridgeman,1.27,-0.73,0.66,0.28,0.21,1.49,3,0
jacob bridgeman,-0.02,-0.89,1.23,1.21,1.54,1.53,4,0
brian campbell,2.53,-0.13,-2.77,0.34,-2.57,-0.04,1,0
brian campbell,1.8,-0.05,2.18,0.19,2.31,4.11,2,0
brian campbell,-1.79,-0.42,0.47,-2.78,-2.73,-4.51,3,0
brian campbell,-0.64,-0.51,0.7,-1.02,-0.83,-1.47,4,0
alex smalley,-0.71,0.92,-1.97,-1.28,-2.33,-3.04,1,0
alex smalley,1.06,0.31,-0.29,0.03,0.06,1.11,2,0
alex smalley,0.48,-3.86,-1.1,0.96,-4,-3.51,3,0
alex smalley,1.67,-0.15,1.51,0.51,1.86,3.53,4,0
jhonattan vegas,-0.9,0.69,0.1,-0.94,-0.15,-1.04,1,0
jhonattan vegas,0.95,0.92,0.19,0.06,1.16,2.11,2,0
jhonattan vegas,-0.3,-0.34,-4.04,0.17,-4.21,-4.51,3,0
jhonattan vegas,0.73,0.51,-1.03,0.31,-0.2,0.53,4,0
harry hall,2.26,1.46,-2.3,-0.47,-1.3,0.96,1,0
harry hall,1.56,-1.95,-1.36,-1.14,-4.45,-2.89,2,0
harry hall,-0.59,0.53,-0.66,0.2,0.07,-0.51,3,0
harry hall,2.8,0.65,-1.89,-2.03,-3.27,-0.47,4,0
xander schauffele,0.21,0.8,0,-0.06,0.75,0.96,1,0
xander schauffele,0.33,-0.28,-2,0.06,-2.21,-1.89,2,0
xander schauffele,-2.53,1.38,-0.29,0.93,2.01,-0.51,3,0
xander schauffele,-0.85,-0.81,-1.34,1.52,-0.63,-1.47,4,0
sahith theegala,-2.67,-1.64,-1.09,-0.64,-3.37,-6.04,1,0
sahith theegala,0.46,0.8,-1.33,0.18,-0.35,0.11,2,0
sahith theegala,1.95,1.31,-2.29,-0.48,-1.46,0.49,3,0
sahith theegala,-0.58,1.02,2.99,-0.9,3.1,2.53,4,0
jason day,-0.64,-0.77,-1.93,1.29,-1.41,-2.04,1,0
jason day,1.37,-0.12,-1.75,-0.39,-2.26,-0.89,2,0
jason day,0.69,0.74,-0.84,-0.11,-0.2,0.49,3,0
jason day,-2.92,1.59,0.83,-0.98,1.45,-1.47,4,0
alex noren,3.46,-0.91,-1.72,-1.88,-4.51,-1.04,1,0
alex noren,2.63,-0.27,-1.55,0.31,-1.51,1.11,2,0
alex noren,-2.35,-1.22,-0.07,1.12,-0.17,-2.51,3,0
alex noren,0.64,0.27,-2.13,-0.25,-2.11,-1.47,4,0
ludvig aberg,-2.11,-0.96,1.1,-0.07,0.07,-2.04,1,0
ludvig aberg,-2.2,0.75,-0.27,1.84,2.31,0.11,2,0
ludvig aberg,-0.34,0.11,1.44,-2.72,-1.18,-1.51,3,0
ludvig aberg,0.04,-0.29,0.46,-0.68,-0.52,-0.47,4,0
maverick mcnealy,-1.08,0.68,1.82,-0.46,2.04,0.96,1,0
maverick mcnealy,0.89,0.68,-0.07,1.61,2.22,3.11,2,0
maverick mcnealy,-0.31,0.79,-2.84,-1.16,-3.21,-3.51,3,0
maverick mcnealy,-0.87,-0.98,-1.89,-0.72,-3.6,-4.47,4,0
jake knapp,-0.91,-0.37,-2.21,-2.54,-5.13,-6.04,1,0
jake knapp,1.28,-0.11,-0.53,-0.53,-1.17,0.11,2,0
jake knapp,3.25,-0.62,0.85,0.01,0.24,3.49,3,0
jake knapp,-1.81,-0.07,-0.09,0.5,0.34,-1.47,4,0
tony finau,0.64,-0.54,-0.8,-1.34,-2.68,-2.04,1,0
tony finau,1.53,-0.33,0.51,-0.61,-0.42,1.11,2,0
tony finau,-3.7,0.55,1.23,1.4,3.19,-0.51,3,0
tony finau,-1.74,0.45,-0.88,-0.3,-0.73,-2.47,4,0
taylor pendrith,2.55,-0.26,0.06,-1.4,-1.6,0.96,1,0
taylor pendrith,0.15,-0.39,-0.5,0.84,-0.04,0.11,2,0
taylor pendrith,-1.79,-0.05,-2.13,-0.55,-2.73,-4.51,3,0
taylor pendrith,-1.02,1.55,-2.27,0.26,-0.45,-1.47,4,0
sam stevens,0.38,0.11,-1.82,1.3,-0.42,-0.04,1,0
sam stevens,-0.78,-1.32,-1.67,-0.12,-3.11,-3.89,2,0
sam stevens,0.01,-0.52,-1.32,0.31,-1.53,-1.51,3,0
sam stevens,-0.35,-0.05,-1.09,1.01,-0.13,-0.47,4,0
min woo lee,0.9,-0.26,0.2,-0.88,-0.94,-0.04,1,0
min woo lee,-4.23,0.48,-1.55,-0.59,-1.66,-5.89,2,0
min woo lee,-2.17,-1.99,2.71,-0.06,0.66,-1.51,3,0
min woo lee,1.05,0.5,-0.43,0.4,0.47,1.53,4,0
ben james,0.51,-0.63,-0.12,0.21,-0.55,-0.04,1,0
ben james,1.59,1.24,-0.97,1.25,1.52,3.11,2,0
ben james,0.06,-1.64,-1.92,-0.02,-3.58,-3.51,3,0
ben james,-1.46,-0.45,-3.17,-0.39,-4.01,-5.47,4,0
adam scott,-1.66,0.05,-0.4,-1.03,-1.38,-3.04,1,0
adam scott,-1.33,-2.72,0.58,-0.42,-2.56,-3.89,2,0
adam scott,0.67,0.57,1.75,0.48,2.81,3.49,3,0
adam scott,-2.67,-0.23,0.1,-0.68,-0.8,-3.47,4,0
jordan spieth,-2.56,-0.47,0.63,-0.65,-0.48,-3.04,1,0
jordan spieth,0.05,-0.19,-1.14,-0.6,-1.94,-1.89,2,0
jordan spieth,-1.38,0.4,-1.52,-3.01,-4.13,-5.51,3,0
jordan spieth,0.22,0.09,0.52,-0.3,0.31,0.53,4,0
lucas glover,-3.8,-2.43,-0.95,0.14,-3.24,-7.04,1,0
lucas glover,-2.28,-0.17,-0.48,1.04,0.39,-1.89,2,0
lucas glover,1.28,-0.18,-2.3,0.69,-1.79,-0.51,3,0
lucas glover,-1.09,-0.87,1.52,-0.03,0.62,-0.47,4,0
ryan fox,0.93,-1.71,0.28,-2.54,-3.97,-3.04,1,0
ryan fox,-0.19,-1.54,0.25,-2.41,-3.7,-3.89,2,0
ryan fox,-0.42,-1.21,-2.31,0.42,-3.1,-3.51,3,0
ryan fox,0.74,0.98,0.72,-1.91,-0.21,0.53,4,0
j.t. poston,-1.18,0.76,-0.09,1.46,2.14,0.96,1,0
j.t. poston,0.07,0.76,-0.4,-0.32,0.04,0.11,2,0
j.t. poston,-2.79,0.54,-0.21,-1.06,-0.73,-3.51,3,0
j.t. poston,2.32,-7.86,-2.27,-0.67,-10.79,-8.47,4,0
mark hubbard,-1.55,0.4,0.84,-0.73,0.51,-1.04,1,0
mark hubbard,-1.65,0.73,-2.36,-0.62,-2.24,-3.89,2,0
mark hubbard,-3.84,-0.4,0.35,-0.62,-0.67,-4.51,3,0
mark hubbard,-3.23,1.02,-0.53,0.28,0.76,-2.47,4,0
gary woodland,-1.77,0.16,0.66,-0.09,0.73,-1.04,1,0
gary woodland,-4.2,-0.39,1.47,0.23,1.31,-2.89,2,0
gary woodland,-2.27,-1.4,-1.54,-1.3,-4.25,-6.51,3,0
gary woodland,-0.93,-1.29,-2.28,0.03,-3.55,-4.47,4,0
sepp straka,-1.83,-1.06,-2.2,0.06,-3.21,-5.04,1,0
sepp straka,-2.06,-0.39,-2.01,-0.43,-2.83,-4.89,2,0
sepp straka,-1.27,-0.85,-2.57,-0.82,-4.24,-5.51,3,0
sepp straka,-0.48,-2.02,-1.31,-0.66,-3.99,-4.47,4,0
